userId|John Wick|Dunkirk|Star Wars: The Last Jedi (With Bonus Content)|Kong: Skull Island|Blade Runner 2049|Guardians of the Galaxy Vol. 2 (Theatrical)|Get Out|Alien: Covenant|Spider-Man: Homecoming|Split|Kingsman: The Golden Circle|Transformers: The Last Knight|Baby Driver|Baywatch|The Mummy (2017)|The Shack|Wonder Woman|The Shape of Water|The Boss Baby|Fifty Shades Darker (Unrated Version)|Murder on the Orient Express|Pirates of the Caribbean: Dead Men Tell No Tales (Theatrical Version)|The LEGO Batman Movie|Beauty and the Beast (2017) (Theatrical Version)|Three Billboards Outside Ebbing, Missouri|A Dog's Purpose|War for the Planet of the Apes|The Emoji Movie|Girls Trip|Darkest Hour|Jumanji: Welcome To The Jungle|Daddy's Home 2|Justice League|A Bad Moms Christmas|Annabelle Creation|Captain Underpants: The First Epic Movie|Despicable Me 3|Thor: Ragnarok (Theatrical Version)|Happy Death Day|Pitch Perfect 3|Cars 3 (Theatrical)|Wonder|The LEGO NINJAGO Movie|The Post|Coco (Theatrical Version)|Ferdinand |The Greatest Showman|﻿"Title"
Rich Whitcomb|0|0.962264150943|0|0|0.983739837398|0|0.981132075472|0|0.972972972973|0|0|0.988023952096|0|0.957142857143|0|0|0|1.0|0|0|0|0|0|0|0|0|0|0|0|0|0|0|0|0|0|0|0|0|1.0|0|0|0|0|0|0|0|0|0
lori|1.0|0|0|0|0|0|0|0|0|0|0|0|0|0|1.0|0|1.0|0|0|0|0|0|0|0|0|0|1.0|0|0|0|0|0|0|0|0|0|0|0|0|0|0|0|0|0|0|0|0|0
Paul|0.75|0|1.0|1.0|0|0|0|1.0|1.0|1.0|0|0|0.953488372093|0.931034482759|0|0|1.0|0|0|0|0|0|0|0|0|0|0|0|0|0|0|0|1.0|0|0|0|0|0|0|0|0|0|0|0|1.0|0|0|0
Sandy|1.0|0|0|0|0|0.904761904762|0|0|0|0|0|0|0|0|1.0|0|0|0|0|0|0|0|0|0|0|0|0|0|0|0|0|0|0|0|0|0|0|0|0|0|0|0|0|0|0|0|0|0
sweetpea9|0|0|0|0|0|0|0|0|0|1.0|0|0.666666666667|0|0|1.0|0|0|0|0|0|0|1.0|0|0|0|0|0|0|0|0|0|0|0|0|0|0|0|0|0|0|0|0|0|0|0|0|0|0
nolandpete|0|0|0|0|0.972222222222|0|0|0|0|1.0|0|0|0|0|0|0|0|0|0|0.961538461538|0|0|0|0|0|0|0|0|0|0|0|0|0|0|0|0|0|0|0|0|0|0|0|0|0|0|0|0
Stephanie|0|0|0|0|0|0|0|0|0|0|0|0|1.0|0|0|0|0.984962406015|0|0|0|0|0|0|0|0|0|0|1.0|0|0|1.0|1.0|0|0|0|0|0|0|0|0|0|0|0|0|0|0|0|0
COLTOJ|0|1.0|0|0|0|1.0|0|0|0|0|0|0|0|0|0|0|1.0|0|0|0|0|0|0|0|0|0|0|0|0|0|0|0|0|0|0|0|0|0|0|0|0|0|0|0|0|0|0|0
Christine|1.0|0|0|0.970588235294|0|0|0|0|0|0|0|0|0|0|0|0|0|0|0|0|0|0|0|0|0|1.0|0|0|0|0|0|0|1.0|1.0|0|0|0|0|0|0|0|0|0|0|0|0|0|0
Brian|1.0|0|1.0|0|0|0|0|1.0|1.0|0|1.0|0|1.0|1.0|0|0|0|0|0|0|0|0|0|0|0|0|0|0|0|0|0|0|0.904761904762|0|0|0|0|0|0|0|0|0|0|0|0|0|0|0
LJ|0|0|0|0|0|0|0.846153846154|0|0|0|0|0|0|0|0|1.0|0|0|0|0|0|0|1.0|0|0|0|0|0|0|0|0|0|0|0|0|0|0|0|0|0|0|0|0|0|0|0|0|0
A|0|0|0.981859410431|0|0|0|0|0|0|0.983870967742|0|0|0|0|0|0|0|0|0|0|1.0|0|0|0|0|0|0|0|0|0|0|0|0|0|0|0|0|0|0|0|0|0|0|0|0|0|0|0
isabeisabella  Mara!!|0|0|0|1.0|0|0|1.0|0|0|1.0|0|1.0|0|0|0|0|0|0|0|0|0|0|0|0|0|0|0|0|0|0|0|0|0|0|0|0|0|0|0|0|0|0|0|0|0|0|0|0
Bravo10|1.0|1.0|0|1.0|1.0|0|0|0|0|0|0|1.0|0|0|0|0|0|0|0|0|0|0|0|0|0|0|0|0|0|0|0|0|0|0|0|0|0|0|0|0|0|0|0|0|0|0|0|0
Johnny 2 Doggs|0|0|0|0|0.958762886598|0|0|0|0|0|0|0|0|0|1.0|0|0|0|0|0|0|0|0|0|1.0|0|0|0|0|0|0|0|0|0|0|0|0|0|0|0|0|0|0|0|0|0|0|0
Charles Austin Miller|0|0|0|0|0.945945945946|0|0|0|0.956923076923|0|0.975460122699|0|0|0|0|0|0|0.962962962963|0|0|0|0|0|0|0|0|0|0|0|0|0|0|0|0|0|0|0|0|0|0|0|0|0|0|0|0|0|0
DorothyZ|0|0|0|1.0|0|1.0|0|1.0|0.991416309013|0|0|0|0|0.952755905512|0.975903614458|0|0|0|0|0|0|0.979797979798|0|1.0|0|1.0|0|0|0|0|0|0|0|0|1.0|0|0|0|0|0|0|0|0|0|0|0|0|0
A Grunden|0|1.0|0|0|1.0|0|0|0|1.0|0|0|0|1.0|0|0|0|1.0|0|0|0|0|1.0|0|0|0|0|0|0|0|1.0|0|0|0|0|0|0|0|0|0|0|0|0|0|0|0|0|0|0
Alexander|0|0|0.966666666667|0|0|0|0|0|0|0|0|0|0|0|0|0.987823439878|0|0|0|0|0|0|0|0|0|0|0|0|0|0|0|0|0|0|1.0|0|0|0|0|0|0|0|0|0|0|0|0|0
Angela|0|0|0|0|0|1.0|1.0|0|0|0|0|0|0|0|0|0|0|0|0|0|0|0|0|0|0|0|0|0.6|0|0|0|0|0|0|0|0|0|0|0|0|0|0|0|0|0|0|0|0
Jones|0|0|0|0|0|0|0|0|0|0|0|0|0|0|0|0.967479674797|0|0|0|0.933333333333|0|0|0|0|0|0|0|0|0.98773006135|0|0|0|0|0|0|0|0|0|0|0|0|0|0|0|0|0|0|0
Lynn|0|1.0|0|0|0|0|0|0|0|0|0|0|0|1.0|0|0|0|0.965811965812|0.888888888889|0|0|0|0|0|0|0|0|0|0|0|0|0|0|0|0|0|0|0|0|0|0|0|0|0|0|0|0|0
MacJunegrand|0|0|0.980225988701|0|0|0|0|0|0.983448275862|0|0|0.982832618026|0|0|0|0|0|0|0|0|0|0|0|0|0|0|0|0|0|0|0|0|0.979945305378|0|0|0|0|0|0|0|0|0|0|0|0|0|0|0
John|1.0|0|1.0|1.0|0|0.959595959596|0.913978494624|1.0|1.0|1.0|1.0|0.928571428571|1.0|1.0|0|0|0|0|0|1.0|0|0.970297029703|0|0|0|0|0|0|0|0|0|0|0|0|0|0|0|0|0|0|0|0|0|0.990476190476|0|0|0|0
GLORIA JULIA A. DAVIS|0|0|0|0|0|0|1.0|0.888888888889|0|1.0|0|0|0|1.0|1.0|0|0|0|0|0|0|0|0|0|0|0|0|0|0|0|0|0|0|0|0|0|0|0|0|0|0|0|0|0|0|0|0|0
Laura|0|0|0|0|0|0|0|0|0|0|1.0|0|0|0.948717948718|0|1.0|0|0|1.0|0|0|0|0|0.963636363636|0|1.0|0|0|0|0|0|0|0|0|0|0|0|0|0|0|0|0|0|0|0|0|0|0
Poseidon|1.0|1.0|0|0|0|0|0|0|0|0|0|0|0|0|0|0|1.0|0|0|0|0|0|0|0|0|0|0|0|0|0|0|0|0|0|0|0|0|0|0|0|0|0|0|0|0|0|0|0
Mark Turner|0|0|0|0|0|0|0|0|0|0|0|0|0|0|0|0|0|0.992718446602|0|0|0|0.981132075472|0|0|0|0|0|0|0|0|0|0|0|0|0|0|0|0|0|0|1.0|0|0|0|0.99481865285|0|0|0
Courtney|0|1.0|0|0.882352941176|0|0|0|0|0|0|0|0|1.0|0|0|0|0|0|0|0|0|0|0|0|0|0|1.0|0|0|0|0|0|1.0|0|0|0|0|0|0|0|0|0|0|0|0|0|0|0
vuitre_viejo|0|0|0|0|0|0|0|0|0|0|0|0|0|0|0|0|1.0|0|0|0|1.0|0.777777777778|0|0|0|0|1.0|0|0|0|0|0|0|0|0|0|0|0|0|0|0|0|0|0|0|0|0|0
Maverick|0|0|0|1.0|1.0|0|0|0|1.0|0|0|0|0|0|0|0|0|0|0|0|0|0|0|0|0|0|0|0|1.0|0|0|0|0|0|0|0|0|0|0|0|0|0|0|0|0|0|0|0
art mills|0|0|0|1.0|1.0|0|0|1.0|0|0|0|0|0|0|0|0|0|0|0|0|0|0|0|0|0|0|0|0|0|0|0|0|0|0|0|0|0|0|0|0|0|0|0|0|0|0|0|0
Steven|0|0|1.0|0|0|0|0|0|0|0|0|0|0|0|1.0|0|0|0|0|0|0|0|0|0|0|0|0|0|0|0.866666666667|0|0|0|0|0|0|0|0|0|0|0|0|0|0|0|0|0|0
Susan J Montague|0|0|0|1.0|0|0|0|0|0|0|0|0|0|0|0|1.0|0|0|0|1.0|0|0|0|0|0|0|0|0|0|0|0|0|0|0|0|0|0|0|0|0|0|0|0|0|0|0|0|0
Keith|0.923076923077|0|0.987096774194|0|0|0|0|0|0|0|0|0|0|0|0|0|0|0|1.0|0|0|0|0|0|0|0|0|0|0|0|0|0|0|0|0|0|0|0|0|0|0|0|0|0|0|0|0|0
Amber|0|0|0|0|0|0|1.0|0|0|1.0|0|0|0|0|0|0|0|0|0|0|0|0|0|0|0|0|0|1.0|1.0|0|0|0|0|0|0|0|0|0|0|0|0|0|1.0|0|0|0|0|0
Aaron|1.0|1.0|0|0|1.0|0|0|1.0|0|0|0|1.0|0|0|0|0|1.0|1.0|0|0|0|0|1.0|0|0|0|0|0|0|0|0|0|1.0|0|0|0|0|0|0|0|0|0|0|0|0|0|0|0
joseph|1.0|0|0.963302752294|0|0|0|0|0|0.875|0|0|0|0|0|0|0|1.0|0|0|0|0|0|0|0|0|0|0|0|0|0|0|0|0|0|0|0|0|0|0|0|0|0|0|0|0|0|0|0
AndyKhounsacknarath|0|0.866666666667|0|0|0|0.894736842105|0|0|0|0|0|0|0|0|1.0|0|0|0|0|0|0|0|0|0|0|0|0|0|0|0|0|0|0|0|0|0|0|0|0|0|0|0|0|0|0|0|0|0
The Movie Man|0|0|0|0|0.934065934066|0.959946595461|0|0|0|0.964093357271|0|0|0|0|0|0.980066445183|0|0|0|0|0|0|0.967611336032|0|0|0|0|0|0.978798586572|0.982404692082|0|0|0|0|0.961070559611|0|0|0|0|0.957295373665|0.965277777778|0.985250737463|0.946127946128|0|0.975975975976|0|0|0
Josh|0|0|1.0|0.985130111524|0.944444444444|0.969309462916|0|0|0|0|0.953488372093|0|0|0|0|0|0|0|0|0|0|0.963636363636|0|0|0|0|0|0|0|0|0.983305509182|0|0|0|0|0|0|0|0|0|0|0|0|0|0|0|0|0
Too Busy to Go to Store Mom|1.0|0|0|0|0|0|0|0|0|0|0|0|0|0|0|0|0|0|0|0.984848484848|0|1.0|0|0|0|0|0|0|0|0|0|0|0|0|0|0|0|0|0|0|0|0|0|0|0|0|0|0
Tracy|0|0|0|0|1.0|0|0|0|0|0|1.0|0|0|0|1.0|0|0|0|0|0|1.0|0|0|0|0|0|0|0|0|1.0|0|0|0|0|0|0|0|0|0|0|0|0|0|0|0|0|0|0
Charles|0|1.0|0|0|0|0|0|0|0.974683544304|0|1.0|0|0|0|0.84|0|0|0|0|0|0|0|0|0|0|0|0|0|0|0.974683544304|0|0|0|0|0|0|0|0|0|0|0|0|0|0.985915492958|0|0|0|0
HolyJIEbus|0|0|0.91847826087|0|0.969626168224|0.948919449902|0|0.926136363636|0|0|0|0|0.94094488189|0|0|0|0|0|0|0|0|0|0|0|0|0|0|0|0|0|0|0|0|0|0.963060686016|0|0|0|0.95498392283|0|0|0|0|0|0|0|0|0
Wes|1.0|0|0|0|0|0|0|0|0|0|0.960784313725|0|0|0|0|0|0|0|0|0|0|0|0|0.969696969697|0|0|0|0|0|0|0|0|0|0|0|0|0|0|0|0|0|0|0|0|0|0|0|0
Kevin|1.0|0|1.0|1.0|0|1.0|0|0|1.0|0|1.0|1.0|0|1.0|0|0|0|0|0|0|0|0|0|0|0|0|0|0|0|0|0|1.0|0|0|0.988439306358|0|0|0|0|0|0|0|0|1.0|0|0|0|0
MC|0|1.0|0|0.954545454545|0|0|1.0|0|0|1.0|0|0|0|0|0|0|0|0|0|0|0|0.971428571429|1.0|0|0|0|0|0|0|0|0|0|0|0|0|0|0|0|0|0|0|0|0|0|0|0|0|0
MB|0|0|0.985088536813|0|0|0|1.0|0|0|0|0|0|0|0|0|0|0|0|0|0|0|0|0|0|0|0|0|0|0|0|0|0|0|0|0|0|0|0|0|0|0|0|0|0.991228070175|0|0|0|0
MJ|0|0|0|1.0|0|0.989247311828|1.0|0|0|0|0|0|0|0|0|0|1.0|0|0|1.0|0|0|1.0|0|0|0|0|0|0|1.0|0|0|0|0|0|0|0|0|0|0|0|0|0|0|0|0|0|0
Boo|0|0|0|0|0|0|0.977011494253|0|1.0|0.972027972028|0|0|0|0|0|0|0|0|0|0|0|0|0|0|0|0|0|0|0|0|0|1.0|0|0|0|0|0|0|0|0|0|0|0|0|0|0|0|0
Grady Harp|0|0.974276527331|0|0|0|0|0.984674329502|0|0|0|0|0|0|0|0|0|0|0|0|0|0|0.952662721893|0|0|0|0|0|0|0|0|0|0|0|0|0|0|0|0|0|0|0|0|0|0|0|0|0|0
LordMaul|0|0|0|1.0|0|0.973684210526|0|0|0|1.0|1.0|0|0|0|1.0|0|0|0|0|0|0|1.0|0|0|0|0|0|0|0|0|0|0|0|0|0|0|0|0|0|0|0|0|0|0|0|0|0|0
Elizabeth|1.0|0|0|0|0|0|0|0|0|0|1.0|0|0.913043478261|1.0|0|0|0|0|0|1.0|0|1.0|0|0|0|0|0|0|0|0|0|0|0|0|0|0|1.0|0|0|0|0|0|0|0|0|0|0|0
Joy|0|0|0|0|0|1.0|0|0|0|0|0|0|0|0|0|0|0|0|0|0|0|0|0|0|1.0|0|0|0|0|0|1.0|0.891891891892|0|0|0|0|0|0|0|0|0|0|0|0|0|0|0|0
Joe|1.0|0|1.0|1.0|0|1.0|0|1.0|0|0|0|0.833333333333|0|1.0|0|0|0|0|0|0|0|0|0|0|0|0|0|0|0|0|0|0|0.910447761194|0|0|0|0|0|0|0|0|0|0|0|0|0|0|0
Jon|0.931034482759|0|0|0|0|0|0|0|0|0|0|0|0|0|0|0|0|0|1.0|0|0|0|1.0|0|0|0|0|0|0|0|0|0|0|0|0|0|0|0|0|0|0|0|0|0|0|0|0|0
amanda|0|0|0|0|0|0|1.0|0|0|0|0|1.0|0|0|0|0|0|1.0|0|0|0|0|0|0|0|0|0|0|0|0|0|0|0|0|0|0|0|0|0|0|0|0|0|0|0|0|0|0
Patrick|0|0|1.0|1.0|0|1.0|0|0|1.0|1.0|0|0|0.75|0|0|1.0|1.0|0|0|0|1.0|0|0|0.964912280702|0|1.0|0|0|0|0|1.0|0|0|0|0|0|0|1.0|0|0|0|0|0|0|0|0|0|0
Kurt|0|0|0|0|0|1.0|0|0|0|0|1.0|0|1.0|0|0|0|0|0|0|0|0|0|0|0|0|0|0|0|1.0|0|0|0|0|0|0|0|0|0|0|0|0|0|0|0|0|0|0|0
dino458|0|0|0|0|0|0|0|0|0|0|0|0|0|0|1.0|0|0|0|0|0|0|0.888888888889|0|0|0|0|0|0|0|0|0|0|0|0|0.6|0|0|0|0|0|0|0|0|0|0|0|0|0
Alicia|1.0|0|0|0|0|0|0|0|0|1.0|0|0|0|0|0|0|0|0|0|0|0|0|0|0|0|1.0|0|0|0|0|0|0|0|0|0|0|0|0|0|0|0|0|0|0|0|0|0|0
Def Billy|0|0.962848297214|0.964613368283|0|0|0|0.977337110482|0|0.969260326609|0|0|0|0|0|0|0|0|0|0|0|0|0|0|0|0|0|0|0|0|0|0|0|0|0|0|0|0|0|0|0|0|0|0|0|0|0|0|0
MSEV|0|0|0|0|0|0|0|0|0.982142857143|0|0|0|1.0|0|0|0|0|0|0|0|0|0|0|0|0|0|0.914893617021|0|0|0|0|0|0|0|0|0|0|0|0|0|0|0|0|0|0|0|0|0
Melissa LaCour|0|0|0|1.0|0|1.0|0|0|0|0|1.0|1.0|0|1.0|0|0|0|0|0|0|0|0|0|0|0|0|0|0|0|0|0|0|0|0|0|0|0|0|0|0|0|0|0|0|0|0|0|0
Reviewer99|0|1.0|0|1.0|0.882352941176|0|0|0|1.0|0|0|0|0|0|0|0|0|1.0|0|0|0|0|0|0|0|0|0|0|0|0|0|0|0|0|0|0|0|0|0|0|0|0|0|0|0|0|0|0
Humberto|0|0|0|0|0|0|0|0|0|0|0|0|0|0|0|0|0|0|1.0|0|0|0|0|0|0|0|0|1.0|0|0|0|0|0|0|0|0|0|0|0|0|0|0|0|0|1.0|0|0|0
RVNut|0|1.0|0|1.0|0|0|0|0|0|0|0|0|0|0|0|0|0|0|0|0|0|1.0|0|0|0|0|0|0|0|0|0|0|0|0|0|0|0|0|0|0|0|0|0|0|0|0|0|0
Avid Reader|0|1.0|0|0|0|0|0|0|0|0|1.0|1.0|0|0|0.75|0|1.0|1.0|0|0|0|1.0|0|0|0|0|0|0|1.0|0|0|0|0|0|0|0|0|0|0|0|0|0|0|0|0|0|0|0
Keith C.|0|1.0|0|0|0|0|0|0|0|0|0|0|0.967741935484|0|0|0|0|0|0|0|0|0|0|0|0|0|0|0|0|0|0|0|0|0|0|0|1.0|0|0|0|0|0|0|0|0|0|0|0
Pantoner|0|0|0|0|0|0|0|0|0|0|0|0|0|0|0|0|0|1.0|0|0|1.0|0|0|0|1.0|0|0|0|0|0|0|0|0|0|0|0|0|0|0|0|0|0|0|0|0|0|0|0
Daniel|0|0|0|0|0|1.0|0|1.0|1.0|0|0|0|0|0|1.0|0|0|0|0|0|0|0|0|1.0|0|0|0|0|0|0|1.0|0.985074626866|1.0|0|0|0|0|0|0|0|0|0|0|0|0|1.0|0|0
Zach|0|0|0.947368421053|0|0|0|0|0|0|0|0|0|0|0|0|0|1.0|0|0|0|0|0|0|0|0|0|0|0|0|0|0|0|1.0|0|0|0|0|0|0|0|0|0|0|0|0|0|0|0
Anonymous|1.0|1.0|0.984732824427|1.0|1.0|0|0|1.0|1.0|0|1.0|0|0|0|0|0|0|0|0|0|0|0|0|0|0|0|0|0|0|0|0|0|0|0|0|0|0|0|0|0|0|0|0|0|0|0|0|0
Bucky55|0|1.0|0|0|0|0|0|0|0|0|0|0|0|0|0|0|0|1.0|0|0|0|1.0|0|0|0|0|0|0|0|0.931034482759|0|0|0|0|0|0|0|0|0|0|0|0|0|0|0|0|0|0
Brandon|0.923076923077|0|0|0|1.0|0|1.0|0|0|0|0|0.967213114754|0|0|1.0|0|0|0|0|0|0|0|0|0|0|0|0|1.0|0|0|0|0|0|0|1.0|0|0|0|0|0|0|0|0|0|0|0|0|0
kahlanne|0|0|0|0|0|0|0|0|0|0|0|0|0|1.0|0|1.0|0|0|1.0|0|0|0|0|0|0|0|0|1.0|1.0|0|0|1.0|0|0|0|0|0|0|0|0|0|0|0|0|0|0|0|0
NH|0|0|0|0|1.0|0|0|1.0|0|0|0|0|0|0|0|0|0|0|0|0|0|0|0|0|1.0|0|1.0|0|0|0|0|0|0|0|0|0|0|0|0|0|0|0|0|0|0|0|0|0
Becca|0|0|0|0|0|0|1.0|0|1.0|0|0|0|0|0|0|0|0|0|0|0|0|0|0|0|0|0|0|0|0|0.942857142857|0|0|0|0|0|0|0|0|0|0|0|0|0|0|0|0|0|0
Alex|0|0.935483870968|0.987012987013|0|1.0|0|0|1.0|1.0|0|0|0.964285714286|1.0|1.0|0|0|0|0|0|1.0|0|0|0|0|0.9|0|0|0|0|0|0|0|0|0.84|0|0|0|0|0|0|0|0|1.0|1.0|0|0|0|0
terry|0|1.0|0|1.0|0|0|0|0|0|0|0|0|0|0|0|0|1.0|0|0|0|0|0|0|0|0|0|1.0|0|0|0|0|0|0|0|0|0|0|0|0|0|0|0|0|0|0|0|0|0
Mary|0.875|0|0|0|0|0|0|0.931034482759|0|0|1.0|0|0|0|0|1.0|0|0|0|0|0|0|0|0|0|0|0|0|0|1.0|0|0|0|0|0|0|0|0|0|0|0|0|0|0|0|0|0|0
adam|0|0|1.0|0|0|0|0|0|0|0|0|0|0|0|0|0|0|0|0|1.0|0|0|0|0|0|0|0|0|0|0|0|0|0|0|0|0|0|0|0|0|0|0|0|0.923076923077|0|0|0|0
David M.|1.0|0|0|0|0|0|0|0|0|0|0|0|0|0|0|0|1.0|0|0|0|0|0|0|0|0|1.0|0|0.826086956522|0|0|0|0|0|0|0|0|0|0|0|0|0|0|0|0|0|0|0|0
Noah|0|1.0|0|0|0|0|0|0|0|0|0|0|1.0|0|0|0|0|0|0|0|0|0|0|0|0|0|0|0|0|0|0|0|0|0|0|0.916666666667|0|0|0|0|0|0|0|0|0|0|0|0
Charlie|0|0|0|0|0|1.0|1.0|0|0|1.0|0|0|1.0|0|0|0|0|1.0|0|0|0|0|0|0|0|0|0|0|0|0|0|0|0|0|0|0|0|0|0|0|0|0|0|0|0|0|0|0
Jared|1.0|0|1.0|0|0|0|0|0|0|0|0|0|0|0|0|0|1.0|0|0|0|0|0|0|0|0|0|0|0|0|0|0|0|0|0|0|0|0|0|0|0|0|0|0|0|0|0|0|0
Elements|0|0|0|0|0|1.0|0|0|0|0|0|0|0|0|0|0|0|0|0|0|0|1.0|0|0|0|0|1.0|0|0|0|0|0|0|0|0|0|0|0|1.0|0|0|0|0|0|0|0|0|0
Otis|0|0|0|0|0|0|0|0|0|0|0|0|0|0|0|0|1.0|0|0|0|0.945945945946|1.0|0|0|0.948717948718|0|0|0|0|0|0|0|0|0|0|0|0|0|0|0|0|0|0|0|0|0|0|0
Tiffany|0|0|0|0|0|0|0|0|0|0|0|0|0|0|0|0|0|0|0|0|0|0|0|1.0|0|0|0|0|1.0|0|0|0|0|0|1.0|0|0|0|0|0|0|0|0|0|0|0|0|0
DSac|0|0|0|0|0|0|0|0|0|0|0|1.0|0|1.0|0|0|0|0|0|0|0|1.0|0|0|0|0|0|0|0|0|0|0|0|0|0|0|0|0|0|0|0|0|0|0|0|0|0|0
Vargr|0|0|0.985239852399|0.956896551724|0|0.941176470588|0|0|0.882352941176|0|0|0|0|0|0|0|0|0|0|0|0|0|0|0|0|0|0|0|0|0|0|0|0|0|0|0|0|0|0|0|0|0|0|0|0|0|0|0
James S|0|0|0|0|1.0|0|0|0|0|0|0|0|0|1.0|0|0|0|0|0|0|0|0|0|0|0|0|0|0|0|0|0|0|0|1.0|0|0|0|0|0|0|0|0|0|0|0|0|0|0
Michael|1.0|1.0|1.0|1.0|0|0|1.0|0|0|0|1.0|0|0|0|0|0|0|0|0|1.0|0|1.0|0|0|0|0|0|0|0|0|1.0|0|0|0|0|0|0|0|0|0|0|0|0|0|0|0|0|0
Ross|0|1.0|0|0|0|0|0|0|0|0|0|0|0|0|0|0|0.8|0|0|1.0|0|0|0|0|0|0|0|0|0|0|0|0|0|0|0|0|0|0|0|0|0|0|0|0|0|0|0|0
Allison|0|0|0|0|0|0|0|0|0|0|0|0|0|0|0|0|0|0.961352657005|0.970588235294|1.0|0|0|0|0|0|0|0|0|0|0|0|0|0|0|0|0|0|0|1.0|0|0|0|0|0|0|0|0|0
Digital Dreamer|0|0|0|0|0|0|1.0|0|0|1.0|0|0|0|0|0|0|0|0|0|0|0|0|0|0|0|0|0|0|0|0|0|0|0|0|1.0|0|0|0|0|1.0|0|0|0|0|0|0|0|0
Gryphonisle|0|0.975659229209|0|0|0|0|0|0|0|0|0|0|0|0|0|0|0|0.988584474886|0|0|0|0|0|0|0.979079497908|0|0|0|0|0|0|0|0|0|0|0|0|0|0|0|0|0|0|0|0|0|0|0
Economist|1.0|0|0|0|0|0|0|0.9|0|0|0|0|0|0|0|0|0|0|1.0|0|0|0|0|0|0|0|0|0|0|0|0|0|0|0|0|0|0|0|0|0|0|0|0|0|0|0|0|0
David Johnson|0|1.0|0|0|0|0|0|0|0|0|0|1.0|0|0|0|0|1.0|0|0|0|0|0|0|0|0|0|0|0|0|0|0|0|0|0|0|0|0|0|0|0|0|0|0|0|0|0|0|0
Woodsy Niles|0|0|0|1.0|0.983606557377|0|0|0|1.0|0|0|0|0|0|0|0|0|0.97037037037|0|0|0|0|0|0|0|0|0|0|0|0|0|0|0|0|0|0|0|0|0|0|0|0|0|0|0|0|0|0
RYAN DALLE-TEZZE|0|0|0|0|0|0|0|0|0|0|0|0|0|0|0|0|0|0|0|0|0|0|0|0|0|0|0|0|0|1.0|0|1.0|1.0|0|0|0|0|0|0|1.0|0|0|0|0|0|0|0|0
M|0|0|0|0|0|0|1.0|0|0|0|1.0|0|0|0|0|0|0|0|0.95652173913|0|0|0|0|0|0|0|0|0|0|0|0|0|0|0|0|0|0|0|0|0|0|0|0|0|0|0|0|0
Jessica|1.0|0.964285714286|0|0|0|0|0|0|0|1.0|1.0|0|0|0|0|0|0|0|0|0|0|0|0|0|0|0|0|0|0|0|1.0|1.0|0|0|0|0|0|0|1.0|0|1.0|0|0|0|0|0|0|0
Robert Blenheim|0|0.968871595331|0|0|0|0|0|0|0|0|0|0|0|0|0|0|0|0|0.985611510791|0|0|0|0|0|0|0|0|0|0|0.931034482759|0|0|0|0|0|0|0|0|0|0|0|0|0|0.966666666667|0|0|0|0
The Goobber|0|0|1.0|0|0|0.913043478261|0|0|1.0|0|0|0|0|0|0|0|0|0|0|0|0|0|0|0|0|0|0|0|0|0|0|0|0|0|0|0|0|0|0|0|0|0|0|0|0|0|0|0
Michael Gentil|0|0|0|0|0|0|0|0|0|1.0|0|0|0|0|0|0|0|0|0|0.75|0|0|0|0|0|0|0|0|0|0|0|0|0|0|0|0|0|0|0|0|0|0|0|1.0|0|0|0|0
Annie|0|1.0|0|0|0|0|0|0|0|0|0|0|0|0|0|0|0|0|0|0|0|0|0.916666666667|0|0|0|0|0|0|0.961538461538|0|0|0|0|0|0|0|0|0|0|0|0|0|0|0|0|0|0
Neil|0|0|0.866666666667|0|0|0|0.981981981982|0|0|1.0|0|0|0|0|0|0.95652173913|0|0|0|0|0|0|0|0|0|0|0|0|0|0|0|0|0|0|0|0|0|0|0|0|0|0|0|0|0|0|0|0
Todd|0|0|0|0|0|0|0|0|0|0|1.0|0|0|0|0|1.0|0|0|0|0|0|0|0|0|0|0|0.931034482759|0|0|0|0|0|0|0|0|0|0|0|0|0|0|0|0|0|0|0|0|0
Ronnie D. Davidson|0|0|0|0|1.0|0.952380952381|0|1.0|0.875|0|0|0|0|0|0|0|0|0|0|0|0|0|0|0|0|0|1.0|0|0|0|0|0|0|0|0|0|0|0|0|0|0|0|0|0|0|0|0|0
Holly|0|0.9375|0|0|0|0|0|1.0|0|0|1.0|0|0|0|0|0|0|0|0|1.0|0|0|0|0|1.0|0|0|0|0|0|0|0|0|0|0|0|0|0|0|0|0|0|0|0|0|0|0|0
Michael Randolph|0|0|-1.0|0|-1.0|0|0|-1.0|0|-1.0|0|0|0|0|0|0|0|0|-1.0|0|0|0|0|0|0|0|0|0|0|0|0|0|0|0|0|0|0|0|0|0|0|0|0|0|0|0|0|0
Alex.S|0|1.0|0|0|0|0|0|0|0|0|0|1.0|0|0|0.75|0|0|0|0|0|0|0|0|0|0|0|0|0|0|0|0|0|0|0|0|0|0|0|0|0|0|0|0|0|0|0|0|0
RON B.|0|0|0|0|0|1.0|1.0|0|0|1.0|0|0|1.0|0|0|0|0|0|0|0|0|0|0|0|0|0|0|0|0|0|0|0|0|0|0|0|0|0|0|0|0|0|0|0|0|0|0|0
Karl|1.0|0.948717948718|0|0|0|1.0|0|0|0|0|0|0|0|0|0|0|0|0|0|0|0|0|0|0|0|0|0|0|0|0|0|0|0|0|0|0|0|0|0|0|0|0|0|0|0|0|0|0
H. Alexander|0|0|0.979591836735|0|0|0|0|0|0|0|0|0|0|0|0|0|0|0|0|0|0|0|0|0|0|0|1.0|0|0|0|0|0|1.0|0|0|0|0|0|0|0|0|0|0|0|0|0|0|0
Andy|1.0|0|1.0|0|0|0|0|0|0|0|0|0|0|0|0|0|0|0|0|1.0|0|0|0|0|0|0|0|0|0|0|0|0|0|0|0|0|0|0|0|0|0|0|0|0|0|0|0|0
Antonio|0|0|0|1.0|0|0|0|1.0|0|1.0|0|0|0|0|1.0|0|0|0|0|0|0|1.0|0|0|0|0|0|0|0|0|0|0|0|0|0|0|0|0|0|0|0|0|0|0|0|0|0|0
Lori Brown|0|0|0|0|0|0|1.0|0|0|0|0|0|0|0|0|0|1.0|0|0|0|0|0|0|0|0|0|0|0|0|0|0|0|0|0|0|0|1.0|0|0|0|0|0|0|0|0|0|0|0
N. Couch|0|0|0|0.909090909091|0|1.0|0|0|0|0|0|0|0|0|0|0|1.0|0|0|0|0|0|0|0|0|0|0|0|0|0|0|0|0|0|0|0|0|0|0|0|0|0|0|0|0|0|0|0
katie|0|0|0|0|0|0|0|0|0|0|0|0|1.0|1.0|0|0|0|0|0|0|0|0|0|0|0|0|0|0|0|1.0|0|0|0|0|0|0|0|0|0|0|0|0|0|0|0|0|0|0
Kate M|0|0|0|0|0|0|0|0|1.0|0|0|0|0.92|0|0.923076923077|0|0|0|0|0|0|0|0|0|0|0|0|0|0|0|0|0|0|0|0|0|0|0|0|0|0|0|0|0|0|0|0|0
Taylor Bowe Mcardle|0|0|0|0|0|0|0|0|0|0|0|0|0|0|0|0|0|0|0|0|0|0|0|0|0|0|0|0.875|0|0|0|0|0|0|0|1.0|0|0|0|0|0|0|1.0|0|0|0|0|0
Katherine|1.0|0|0|0|0|0|0|0|0|0|0|0|0|0|0|0|0|0|0|0|0|0|0|0|0|0|0|0|0|0|0|0|0|0|0|0|0|0|0|0|1.0|1.0|0|0|0|0|0|0
Bernie|1.0|0|0|1.0|0|0|0|0|0|0|0|0|0|0|0|0|0|0|0|0|0|0|0|0|0|1.0|0|0|0|0|0|0|0|0|0|0|0|0|0|0|0|0|0|0|0|0|0|0
Jeff|1.0|1.0|1.0|0|1.0|1.0|0|1.0|1.0|0|1.0|0.95|0|1.0|0|0|1.0|0|0|1.0|0|1.0|0|0|0|1.0|1.0|0|0|0|0|0|1.0|0.942857142857|0|1.0|0|1.0|0|0|0|0|0|0|0|0|0|0
Eats Shoots And Leaves|0|0|0|1.0|0|0|1.0|0|0|0|0|0|0|0|0|0|0|0|0|0|0|0|0|0|0|1.0|0|0|0|0|0|0|0|0|0|0|0|0|0|0|0|0|0|0|0|0|0|0
Arthur S.|0|1.0|0.969230769231|0|0|0|0|0|0|0|0|0|0|0|0|0|0|1.0|0|0|0|0|0|0|0|0|0|0|0|0|0|0|0|0|0|0|0|0|0|0|0|0|0|0|0|0|0|0
Flyguy|0|0|0|0|0|0|0|0|0|0|1.0|1.0|1.0|0|0|0|0|0|0|0|0|0|0|0|0|0|0|0|0|0|0|0|0|0|0|0|1.0|0|0|0|0|0|0|0|0|0|0|0
Jim|1.0|1.0|0|0|1.0|1.0|0|0|0|0|0|0|1.0|0.888888888889|0|0.888888888889|1.0|0|0|0|0|0|0|0|0|0|1.0|0|0|0.714285714286|0|0|0|0|0|0|0|0|0|0|0|0|0|0|0|0|0|0
Richard B.|0|0|0|1.0|0|0|0|1.0|0|0|0|1.0|1.0|0|0|0|1.0|0|0|0|0|0|0|0|0|0|1.0|0|0|0|0|0|0|0|0|0|0|0|0|0|0|0|0|0|0|0|0|0
Wolfden|0|0|0|1.0|1.0|0|0|0|1.0|0|0|0|0|0|0|0|0|0|1.0|0|0|0|0|0|0|0|0|0|0|0|0|0|0|0|0|0|0|0|0|0|0|0|0|0|0|0|0|0
Janet|1.0|1.0|0|0|0|0|0|0|0|0|0|0|0|0|0|0|0|0|0|0|0|1.0|0|0|0|0|0|0|0|0.9|0|0|0|0|0|0|0|0|0|0|0|0|0|0|0|0|0|0
Alan|0|0|0|0|0|0.866666666667|0|0|1.0|1.0|0|0|0|0|0|0|0|0|0|0|0|0|0.846153846154|0|0|0|0|0|0|0|0|0|0|0|0|0|0|0|0|0|0|0|0|0|0|0|0|0
Batfire|0|0|0|0|0|0|0|0|1.0|0|0|0|1.0|0|0|0|0|0|0|0|0|1.0|0|0|0|0|0|0|0|0|0|0|0|0|0|0|0|0|0|0|0|0|0|0|0|0|0|0
stephanie|0|0|0.970149253731|0|0|1.0|0|0|0|1.0|0|0|0|0|0|0|0|0|0|0|0|0|0|0|0|0|0|0|0|0|0|0|0|0|0|0|0|0|0.888888888889|0|0|0|0|0|0|0|0|0
VictoriaSelene Skye~Deme|0|0|0|0|1.0|0|0|0|0.956989247312|0|0|0|0|0|0.95652173913|0|0|0|0|0|0|0|0|0|0|0|0|0|0|0|0|0|0|0|0|0|0|0|1.0|0|0|0|0|0|0|0|0|0
Koobie  Flatstone|0|0|0.975975975976|1.0|0|0.955555555556|0|0|0.926315789474|0|0|0|0|0|0|0|0|0|0|0|0|0.947826086957|0|0|0|0|0|0|0|0|0|0|0|0|0|0|0|0|0|0|0|0|0|0|0|0|0|0
Ryan|1.0|0|0|0|0|0|1.0|0|1.0|1.0|0|1.0|1.0|0|0|0|0|0.938144329897|0|0|0|0|0|0|0|0|1.0|0|0|0|0|0|0|0|0|0|0|0|1.0|0|0|0|0|0|0|0|0|0
WJ Harper|0|1.0|0|0|0|0|0|0|0|1.0|0|0|1.0|0|0|0|0|0|0|0|0|0|0|0|0|0|0|0|0|0|0|0|0|0|0|0|0|0|0|0|0|0|0|0|0|0|0|0
warren|0|0|0|0|1.0|0|1.0|0|1.0|0|0|0|1.0|0|0|0|0|0|0|0|0|0|0|0|0|0|0|0|0|0|0|0|0|0|0|0|0|0|0|0|0|0|0|0|0|0|0|0
penname|0|0.979591836735|0|0|1.0|0|0|0|1.0|0|0|0|0|0|0|0|0|0|0|0|0|0|0|0|0.992409867173|0|0|0|0|0.994459833795|0|0|0|0|0|0|0|0|0|0|0|0|0|0|0|0|0|0
Sam|0|0|0|0|1.0|0|0|0|0|0|1.0|0|0|0|0|0|0|0|1.0|0|0|0|0|0|0|0|0|0|0|0|0|1.0|0|0|0|0|0|0|0|0|0|0|0|0|0|0|0|0
Nathan|0|1.0|0|0|0|0|0|0|0|0|1.0|1.0|1.0|0|0.935483870968|0|0|0|0|0|0|0|0|0|0|0|0|1.0|0|0|0|0|0|0|0|0|0|0|0|0|0|0|0|0|0|0|0|0
Amazon Customer|1.0|1.0|0.979899497487|0.6|0.973684210526|1.0|1.0|1.0|1.0|1.0|1.0|1.0|1.0|0.951219512195|1.0|1.0|1.0|1.0|1.0|1.0|1.0|1.0|1.0|1.0|1.0|1.0|1.0|0.975|1.0|1.0|0.948717948718|1.0|1.0|1.0|1.0|1.0|1.0|1.0|1.0|1.0|0.974358974359|1.0|1.0|0.966666666667|1.0|0.979381443299|0|0
book lover|0|0|0|0|0.955555555556|0|0|0|1.0|0|0|0|0|0|0|0|0|0.947368421053|0|0|0|0|0|0|0|0|0|0|0|0|0|0|0|0|0|0|0|0|0|0|0|0|0|0|0|0|0|0
david|0|0|0|1.0|0.953917050691|1.0|0.9375|1.0|0|0|0|0|0|0|0|0|0|0|0|0|0|0|0|0|0|0|0|0|0|0|0|0|0|0|0|0|0|0|0|0|0|0|0|0|0|0|0|0
Ron Rossmann|1.0|0|0|0.980707395498|0|0|0|0|0.99460916442|1.0|0|0.979695431472|0|0|0|0|0|0|0|0|0|0.9875|0|0|0|0|0|0|0|0|0|0|0|0|0|0|0|0|0|0|0|0|0|0|0|0|0|0
Foul Pet|0|0|0.928571428571|0.833333333333|1.0|1.0|0|0|1.0|1.0|0|1.0|0|0|0|0|0|0|0|0|0|0|1.0|0|0|0|0|0|0|0|1.0|0|0|0|0|0|0|1.0|0|0|0|0|0|0|0|0|0|0
Steve K.|0|0|0|0|0.948051948052|0|0.965811965812|0|0|0|0|0|0|0|0|0|0|0|1.0|0|0|0|0|0|0|0|0|0|0|0|0|0|0|0|0|0|0|0|0|0|0|0|0|0|0|0|0|0
Emmanuel Gonzalez|0|0|0|0|0|0|0|1.0|1.0|0|0|0|0|0|0|0|1.0|0|0|0|0|0|0|0|0|1.0|0|0|0|0|0|0|0|0|0|0|0|0|0|0|0|0|0|0|0|0|0|0
David G|0|1.0|0|0|0|0|0|0|0|0|0|0|0|0|0|0|0|0|0|0|0|0|0|0|0|0|1.0|0|0|0|0|0|0|0|0|0|1.0|0|0|0|0|0|0|0|0|0|0|0
Brittany|0|0|0|0|0|0|1.0|0|0|0|0.943661971831|1.0|0|0|0|0|0|0|0|0|0|0|0|0|1.0|0|1.0|0|0|0|0|0|0|0|0|0|0|0|0|0|0|0|0|0|0|0|0|0
Chris M.|0|1.0|0|1.0|0|0|0|0|0|0|0|0|0|0|0|0|0|0|0|0|0|0|0|0|0|0|0|0|0|0|1.0|0|0|0|0|0|0|0|0|0|0|0|0|0|0|0|0|0
Brent|0|1.0|0|0|0|0|0|0|0|0|0|0|1.0|0.941176470588|0|0|0|0|0|0|0|1.0|0|0|0|0|0|0|0|0|0|0|0|0|0|0|0|0|0|0|0|0|0|0|0|0|0|0
cj|0|0|0|0|0|0|0|1.0|0|0|0|0|0|1.0|0|0|1.0|0|0|0|0|0|0|0|0|0|0|0|0|0|0|0|0|0|0|0|0|0|0|0|0|0|0|0|0|0|0|0
John S.|0.92|0.947368421053|0|0|0|0|0|0|0|0|0|0|0|0|0|0|0|0|0|0|0|0|1.0|0|0|0|0|0|0|0|0|1.0|1.0|0|0|0|0|0|0|0|0|0|0|0|0|0|0|0
Danny|0|0|0|1.0|0|1.0|0|0|0|0|1.0|0|0|0|0|0|0|0|0|0|0|0|0|0|0|0|0|0|0|0|0|0|0|0|0|0|0|0|0|0|0|0|0|0|0|0|0|0
Julie|1.0|0|0|0|0|0|0|0|0|0|1.0|0|0|1.0|0|0|1.0|0.989189189189|0|0|0|0|0|1.0|0|0|0|0|0|0|0|0|0|0|0|0|0|0|1.0|0|0|0|0|0|0|0|0|0
paul|0|0|0|0|0|0|1.0|0|0|1.0|0|0|0|0|0|0|0|0|0|1.0|0|0|0|0|0|0|0|0|0|0|0|0|0|0|0|0|0|0|0|0|0|0|0|0|0|0|0|0
Ret Carp|0|0|0|0|1.0|0|0|0|0.875|0|0|1.0|0|1.0|0|0|0|0|0|0|0|0.857142857143|0|0|0|0|0|0|0|0|0|0|0|0|0|0|0|0|0|0|0|0|0|0|0|0|0|0
Vonster|0|0|0|0|0|0|1.0|0|0|1.0|0|0|1.0|0|0|0|0|0|0|0|0|0|0|0|0|0|0|0|0|0|0|0|0|0|0|0|0|0|0|0|0|0|0|0|0|0|0|0
Kate|1.0|0|1.0|0|0|0|0|0|0|0|0|0|0|0|1.0|0|0|1.0|0|0|0|0|0|0|0|1.0|0|1.0|0|0|0|0|0|0|0|0|0|0|0|1.0|0|0|0|0|0|0|0|0
Thomas J. Mcdonald|0|0|0|1.0|0|0|0|0|0|0|0|1.0|0|0|1.0|0|0|0|0|0|0|0|0|0|0|0|0|0|0|0|0|0|0|0|0|0|0|0|0|0|0|0|0|0|0|0|0|0
Diana|0|0|0|1.0|0|0|0|0|0|0|0|0|0|0|0|1.0|0|0|0|0|0|0|0|0|0|1.0|0|0|0|0|0|0|0|0|0|1.0|0|0|0|0|0|0|0|0|0|0|0|0
Jesse|1.0|0|0|0|0|0|1.0|0|0|0|1.0|0|0|0|0|0|0|0|0|0|0|0|0|0|0|0|0|0|0|0|0|0|0|0|0|0|0|0|0|0|0|0|0|0|0|0|0|0
S. A. ROBBINS|0|0|0|0|0.929411764706|0|0|0|0|0|1.0|0|0|0|0|0|0|0|0|0|0|0|0|0|0|0|0|0|0|0|0|0|0|0|0|0|0|1.0|0|0|0|0|0|0|0|0|0|0
Nate|1.0|0|1.0|0|1.0|1.0|0|0|0.92|0|0|0|0|0|0|0|0|0|0|0|0|0|0|0|0|0|0|0|0|0|0|0|0|0|0|0|0|0|0|0|0|0|0|0|0|0|0|0
ollie m cline|0|0|0|1.0|0|0|0|0|0|0|1.0|0|0|1.0|0|0|0|0|0|0|0|0|0|0|0|0|1.0|1.0|0|0|0|0|0|0|1.0|0|0|0|0|0|0|0|0|0|0|0|0|0
W. Byron|0|0|1.0|0|1.0|0|0|0|0|0|0|1.0|0|0|0|0|0|0|0|0|0|0|0|0|0|0|0|0|0|0|0|0|0|0|0|0|0|0|0|0|0|0|0|0|0|0|0|0
R. Carter|0|1.0|0|0|0|0|0|0|1.0|0|0|0|0|0|0|0|0|0|0|0|0|0|0|1.0|0|0|0|0|0|1.0|0|0|0|0|0|0|0|0|0|0|0|0|0|0|0|0|0|0
Chrissy|0|0|0|1.0|0|0|0|0|1.0|1.0|0|0|0|0|0.92|0|0|0|0|0|0|0|0|0|0|0|0|0|0|0|0|0|0|0|0|0|0|0|0|0|0|0|0|0|0|0|0|0
whiplash|0|0|0|0|0|0|0|1.0|0|0|0|1.0|0|0|0|0|0|0|0|0|0|0|0|0|0|0|1.0|0|0|0|0|0|0|0|0|0|0|0|0|0|0|0|0|0|0|0|0|0
Bearpupppy|0|0|0|0|0|0|0|0|0.980198019802|0|0|0|0|0|0.961538461538|0|0|0|0|0|0|1.0|0|0|0|0|0|0|0|0|0|0|0|0|0|0|0|0|0|0|0|0|0|0|0|0|0|0
fenx1200|0|0.962732919255|0|0|0|0|0.98046875|0|0|0|0|0|0|0|0|0|0|0|0|0|0|0|0|0|0.979661016949|0|0|0|0|0|0|0|0|0|0|0|0|0|0|0|0|0|0|0|0|0|0|0
Pappy O'Hoolihan|0|0|0|1.0|1.0|0|0|1.0|0|0|0|0|0|0|0|0|0|0|0|0|0|0|0|0|0|0|0|0|0|0|0|0|1.0|0|0|0|0|0|0|0|0|0|0|0|0|0|0|0
Jen|0|0|0|0|0|0|1.0|0|0|0|0|0|0|0|0|0|0|0|1.0|0|0|1.0|0|0|0|0|0|0|0|0|0|1.0|0|0|0|0|0|0|0|0|0|0|0|0|0|0|0|0
sarah|0|0|0|0|0|0|1.0|0|0|1.0|0|0|0|0|0|0|0|0|0|0|0|0|0|0|0|0.904761904762|0|0|0|0|0|0|0|0|0|0|0|0|0|0|0|0|0|0|0|0|0|0
Carl Schultz|0|0|0.956345998383|0.971236816874|0.952299829642|0.974176888315|0|0|0.97256097561|0.951638065523|0|0|0|0|0|0.973003374578|0|0.941784037559|0|0|0|0.968253968254|0.988785046729|0|0|0.972366148532|0|0|0|0.988909426987|0.982905982906|0.982456140351|0|0.92523364486|0|0|0|0.971305595409|0.956386292835|0.931034482759|0|0.954802259887|0|0.988668555241|0|0|0|0
Michael P. Mcintire|1.0|1.0|0|0|0.955555555556|0|0|0|0|0|0|0|0|0|0|0|0|0|1.0|0|0|0|0|0|0|0|0|0|0|0|0|0|0|0|0|0|0|0|0|0|0|0|0|0|1.0|1.0|0|0
MaggieNow|0|0|0|0|0|0|0|0|0|0|0|0|0|0|0|0|0|0|0|0|0|0|0|0|1.0|0|0|0|0|1.0|0|1.0|0|0|0|0|0|0|0|0|0|0|0|0|0|0|0|0
Carlos|1.0|1.0|0|0|0|1.0|0|0|0.958333333333|0|0|0|0|0|0|0|0|0|0|0|0|0|0|0|0|0|0|0|0|0|0|0|0|0|0|0|0|0|0|0|0|0|0|0|0|0|0|0
KarToon12|0|0|0.989911727617|0|0|0.963993453355|0|0|0|0|0|0|0|0|0|0|0|0|0|0|0|0|0.983333333333|0|0|0|0|0|0|0|0|0|0|0|0|0|0|0|0|0|0|0|0.977933801404|0|0|0|0|0
Henry E. Dorfman|0|1.0|0|0.964912280702|0|0|0.950819672131|0|0|0|0|0|0|0|0|0|0|0|0|0|0|0|0|0|0|0|0|0|0|0|0|0|0|0|0|0|0|0|0|0|0|0|0|0|0|0|0|0
W. bowman|0|0|0|0|0|0|0|0|0|0|1.0|0|1.0|0|1.0|0|0|0|0|0|0|0|0|0|0|0|0|0|0|0|0|0|0|0|0|0|0|0|0|0|0|0|0|0|0|0|0|0
Lonnie L Strum|0|0|0|0|0|0|0|0|0|0|0|0|0|0|0|0|0|0|0|0|0|0|0|0|0|1.0|0|0|0|0|0|0|1.0|0|0|0|0|0|0|0|0|1.0|0|0|0|0|0|0
john|1.0|1.0|0|1.0|0|0|0|0|0|0|0|1.0|1.0|0|1.0|0|0|0|0|0|0|0.967741935484|0|0|0|0|0|0|0|0|0|0|0|0|0|0|0|0|0|0|0|0|0|0|0|0|0|0
B|0|1.0|0|0|0|1.0|0|0|0|0.975609756098|0|0|0|0|0|0|1.0|0|0|1.0|0|0|0|1.0|0|0|0|0|0|0|0|0|0|0|0|0|0|0|0|0|0|0|1.0|0|0|0|0|0
No BS guy|0|0.977011494253|0|1.0|0|0|0|0|0.945945945946|0|0|0|0|0|0|0|0|0|0|0|0|0|0|0|0|0|0|0|0|0.978723404255|0|0|0|0|0|0|0|0|0|0|0|0|0|0|0|0|0|0
Gene|0|1.0|0|0|0|1.0|0|1.0|0|0|0|0|0|0|0|0|1.0|0|0|1.0|0|0|0|0|0|0|0|0|0|0|0|0|0|0|0|0|0|0|0|0|0|0|0|0|0|0|0|0
Maestro|1.0|0|0|0|0|0|0|0|0.857142857143|0|0|0|0|0|0|0|0|0|0|0|0|0.913043478261|0|0|0|0|1.0|0|0|0|0|0|0|0|0|0|0|0|0|0|0|0|0|0|0|0|0|0
Christian|1.0|0|0|0|0|0|0|0|0.971223021583|0|0|0|0|0|0.951807228916|0|0|0|0|0|0|0|0|0|0|0|0|0|0|0|0|0|0|0|0|0|0|0|0|0|0|0|0|0|0|0|0|0
Wathan48|0|0.991967871486|0|0|0|0|0.982608695652|0|0|0|0|0|0|0|0|0|0|0|0|0|0|0|0|0|0|0|0|0|0|0|0|0|0|0|0|0|0|0|0|1.0|0|0|0|0|0|0|0|0
Enrico F Consiglio|0|0|0|1.0|0|0|0|0|1.0|0|0|0|0|0|0|0|0|0|0|0|0|0|0|0|0|0|0|0|0|0|0|0|1.0|0|0|0|0|0|0|0|0|0|0|0|0|0|0|0
Anna|0|0|0|0|0|0|0|0|1.0|0.972222222222|0|0|0|0|0|0.979591836735|0|1.0|0|0|0|0|0|0|0|0|0|0|0|0|0|0|0|0|0|0|0|0|0|0|0|0|0|0|0|0|0|0
Todd M.|0|0|0|0|0.989847715736|0|1.0|0|0|0|0|0|0|0|0.990950226244|0|0|0|0|0|0|0|0|0|0|0|0|0|0|0|0|0|0|0|0|0|0|0|0|0|0|0|0|0|0|0|0|0
C. A. G.|0|0|0|1.0|1.0|0|0|0|0|0|1.0|0|0|0|1.0|0|0|0|0|0|0|0|0|0|0|0|0|0|0|0|0|0|0|0|0|0|0|0|0|0|0|0|0|0|0|0|0|0
Doug|1.0|1.0|0|1.0|0|0|0|0.953488372093|0|0|0|0|0|0|0|0|0|0|0|0|0|0|0|1.0|1.0|0|0|0|0|0|0|0|0|0|0|1.0|0|0|0|0|0|0|0|0|0|0|0|0
Dawn|0|0|0|0|0|0|0|0|0|0|0|0|1.0|0|0|0|0|0|0|0|0|0|0|0|0|1.0|1.0|0|0|0|0|0|0|0|0|0|0|0|0|0|0|0|0|0|0|0|0|0
KMO|0|0.978260869565|0|1.0|0|1.0|0|0|0|0|0|0|0|0|0|0|0|0|0|0|0|0|0|0|0|0|0|0|0|0|0|0|0|0|0|0|0|0|0|0|0|0|0|0|0|0|0|0
soundstudio|0|0|0|0.970695970696|0|0|0|1.0|0|0.961722488038|0|0|0|0|0|0|0|0|0|0|0|0|0|0|0|0|0|0|0|0|0|0|0|0|0|0|0|0|0|0|0|0|0|0|0|0|0|0
Xerxies|0|0|0|0|0|0|0|1.0|0|0|0|0|0|1.0|1.0|0|0|0|0|0|0|0|0|0|0|0|0|0|0|0|0|0|0|0|0|0|0|0|0|0|0|0|0|0|0|0|0|0
Public Voice|0|0|0|0|1.0|0|0|0|0|1.0|0|1.0|0|0|0|0|0|0|0|0|0|0|0|0|0|0|0|0|0|0|0|0|0|0|0|0|0|0|0|0|0|0|0|0|0|0|0|0
Adam|1.0|0|1.0|0|0|0|1.0|1.0|0|0|0|0|0|1.0|0|0|0|0|0|0|0|0|0|0|0|0|0|0|0|0|1.0|0|0|0|0|0|0|0|1.0|0|0|0|0|0|0|0|0|0
Cataleya|0|0|0|0|0|0|1.0|0.666666666667|0|0|0|0|0|0|0|0|0|0|0|0|0|0|0|0|0|0|0|0|0|0|0|1.0|0|0|0|0|0|0|0|0|0|0|0|0|0|0|0|0
Michele|0|0|0|0|0|0|0|0|0|1.0|0|0|0|0|1.0|0|0|0|0|0|0|0|0|0|0|1.0|0|0|0|0|0|0|0|0|0|0|0|0|0|0|0|0|0|0|0|0|0|0
Jack Ryan|0|0|0|0|0|0|0.962264150943|0.991769547325|0|0|0|0|0|0|0.96|0|0|0|0|0|0|0|0|0|0|0|1.0|0|0|0|0|0|0|0|0|0|0|0|0|0|0|0|0|0|0|0|0|0
Lee|0|1.0|0|0|0|0|0|1.0|0|0|0|0|0|1.0|0|0|0|0|0|0|0|0|0|0|0|0|0|0|0|0|0|0.875|0|1.0|1.0|0|0|0|0|0|0|0|0|0|0|0|0|0
Leo|1.0|0|0|0|0|1.0|0|1.0|0|0|0|0|0|0|0|0|0|0.939393939394|0|0|0|0|0|0|0|0|0|0|0|0|0|0|0|0|0|0|0|0|0|0|0|0|0|0|0|0|0|0
Lex|0|0|0|0|0|0|0|0|0|0|1.0|0|0|1.0|0|0|0|0|0|1.0|0|0|0|0|0|0|0|0|0|0|0|0|0|0|0|0|0|0|0|0|0|0|0|0|0|0|0|0
G. Teslovich|0|0|0|0.984790874525|0.948955916473|0.894736842105|0|0|0|0|0|0|0|0|0|0|0|0|0|0|0|0|0|0|0|0|0|0|0|0|0|0|0|0|0|0|0|0|0|0|0|0.974683544304|0|0|0|0|0|0
WakkyWabbit|0|0|0|1.0|0|0|0|0|0.98833819242|0|0|1.0|0|0|0|0|0|0|0|0|0|0|0|0|0|0|0|0|0|0|0|0|0|0|0|0|0|0.947368421053|0|0|0|0|0|0|0|0|0|0
cheech|0|0|0|0|0|0|0|0|0|0|0|0|0|0|0|0|0|0|1.0|0|0|0|0|0|0|0|0|1.0|0|0|0|0|0|0|0|1.0|0|0|0|0|0|0|0|0|0|0|0|0
Jessie|0|0|0|0|0|0|0|0|0|0|0|1.0|0|0|0|0|0|1.0|0|0|0|0|1.0|0|0|0|0|0|0|0|0|0|0|0|0|0|0|0|0|0|0|0|0|0|0|0|0|0
Deanna|0|0|0|0|0|0|0|0|0|0|0|0|0|1.0|0|0|0|0|0|0|0|0|0|0|1.0|0|0|0|0|0|0|0|0|0|0|0|0|0|0|1.0|0|0|0|0|0|0|0|0
scott r kindelsperger|0|0|0|0|0|0|0|0|1.0|0|0|1.0|1.0|0|0|0|1.0|0|0|0|0|0|0|0|0|0|0|0|0|0|0|0|0|0|0|0|0|0|0|0|0|0|0|0|0|0|0|0
anonymous|0|1.0|0.974276527331|0|0|0|0|0|0|0|1.0|0|0|0|0|0.974025974026|0|0|0|0|0|0|0|0|1.0|0|0|0|0|0|0|0|0|0|0|0|0|0|0|0|0|0|0|0|0|0|0|0
Paul Allaer|0|0|0.945454545455|0.944315545244|0|0|0.940476190476|0|0|0|0|0|0.966183574879|0|0|0|0|0|0|0|0|0|0|0|0|0|0|0|0|0.938628158845|0|0|0|0.968531468531|0|0|0|0|0.95041322314|0|0|0|0|0.962886597938|0|0|0|0
George|1.0|0|1.0|1.0|0|0|0|0|0|0|0|0|0|0|0|0|0|0|0|0|0|0|0|0|0|0|0|0|0|0|1.0|0|0|0|0|0|0|0|0|0|0|0|0|0|0|0|0|0
Rick|1.0|0.957446808511|1.0|1.0|0|0|0|0|1.0|0|0|0|1.0|0|1.0|0|1.0|0|0|0|0|1.0|0|0|0|0|1.0|0|0|0|0|0|0.75|0|0|0|0|0|0|0|0|0|0|0|0|0|0|0
Corey|0|1.0|1.0|0|0|0|0|0|0|0|0|0|0|0|0|0|0|0|1.0|0|0|0|1.0|0|0|0|0|0|0|0|0|0|0|0|0|0|0|0|0|0|0|0|0|0|0|0|0|0
Jay|0|1.0|0|0|0|0.833333333333|0|0|0|0|0|0|1.0|0|0|0|0|0|0|0|0|0|0|0|0|0|0|0|0|0|0|0|1.0|0|0|0|0|0|0|0|0|0|1.0|0|0|0|0|0
RC|1.0|0.945945945946|0|0|0|0|0|0|0|0|0|0|0|0|0|0|1.0|0|0|0|0|0|0|0|0|0|0|0|0|0|0|0|0|0|0|0|0|0|0|0|0|0|0|0|0|0|0|0
RJ|1.0|0|1.0|0|0|0|0|0|0|0|0.984496124031|0|0|0|0|0|0|0|0|1.0|0|0|0|0|1.0|0|0|0|0|0|0|0|0|0|0|0|0|0|0|0|0|0|1.0|0|0|0|0|0
james|1.0|0|0.984848484848|1.0|0|1.0|0|0|0|0|0|0|0|0|0|0|0|0|0|0|0|0|0|0|0.942857142857|0|0|0|0|0|0|0|0|0|0|0|0|0|0|0|0|0|0|0|1.0|0|0|0
Tim - Michigan|0|0|0|0|0|1.0|0|0|1.0|0|1.0|1.0|0|0|0|0|0|0|0|0|0|0|0|0|0|0|0|0|0|0|0|0|0|0|0|0|0|0|0|0|0|0|0|0|0|0|0|0
ROCKYMTNMALE|0|0|0|0.777777777778|0.875|0|0|0|1.0|1.0|0|0|0|0|0|0|0|0|0|0|0|0|0|0|0|0|0|0|0|1.0|0|0|0|0|0|0|0|0|0|0|0|0|0|0|0|0|0|0
Erin|0|0|0|0|0|0|0|0.951219512195|0|0|0.96875|1.0|0|0|0|0|0|0|1.0|0|1.0|0|0|0|0|0|0|1.0|0|0|0|0|0|0|0|0|0|0|0|0|0|0|0|0|0|0|0|0
Eric|0|1.0|1.0|0|0.96875|0|0|0|1.0|0|0|0|0|0|0|0|0|0|0.9375|0|0|0.986666666667|0|0|0|1.0|0|0|0|0.987012987013|0|0|0|0|0|0|0|0|0|0|0|0|0|0|0|0|0|0
G.V. Rossi|0|0|0|0|1.0|0|0|0|0|0|0|0|1.0|0|0|0|0.964285714286|0|0|0|0|1.0|0|0|0|0|0|0|0|0|0|0|0|0|0|0|0|0|0|0|0|0|0|0|0|0|0|0
C W|0|0|0|0|0|0|0|0.951219512195|1.0|0|0|0|0|0|0|0|0|0|0|0|0|0|0|0|0|0|1.0|0|0|0|0|0|0|0|0|0|0|0|0|0|0|0|0|0|0|0|0|0
M. Oleson|0|0|0|0.971563981043|0|0|0|0|0.996168582375|0.977049180328|0|0|0.979104477612|0.97641509434|0|0|0|0.988077496274|0|0|0|0.961956521739|0.985130111524|0|0|0|0|0|0.955696202532|0.975384615385|0.974729241877|0|0|0.983805668016|0|0|0|0|0.968503937008|0|0.994845360825|0|0|0|0|0|0|0
Jean|0|0|0|0|0.984732824427|0|0|0|0|0|0|0|0|0.949367088608|0|0|0|0|1.0|0.987951807229|0|0.979797979798|0|0|0|0|0|0|0|0|0|0|0|0|0|0|0|0|0|0|0|0|0|0|0|0|0|0
Mike G|0|0|1.0|0|0|0.333333333333|0|0|0|0|0|0|1.0|0|0|0|0|0|0|0|0|0|0|0|0|0|0|0|0|0|0|0|0|0|0|0|0|0|0|0|0|0|0|0|0|0|0|0
Forrest W. Merchant|0|0|0|0|0|0|0|0|0|0|0|0|1.0|1.0|0|0|1.0|0|0|0|0|0|0|0|0|0|0|0|0|0|0|0|0|0|0|0|0|0|0|0|0|0|0|0|0|0|0|0
Brian Penning|1.0|0|0|1.0|0|0|0|0|0|0|0|0|0|0|0|0|0|0|0|0|0|1.0|0|0|0|0|0|0|0|0|0|0|0|0|0|0|0|0|0|0|0|0|0|0|0|0|0|0
JB McCollum|0|0|0|0|0|0|0|0|0|0|1.0|1.0|0|0|1.0|0|0|0|1.0|0|0|0|0|0|0|0|0|0|0|0|0|0|0|0|0|0|0|0|0|0|0|0|0|0|0|0|0|0
biglu|0|0|0|0|0|1.0|0|1.0|0|0|0|0|0|0|0|0|1.0|0|0|0|0|0|1.0|0|0|0|0|0|0|0|0|0|0|0|0|0|0|0|0|0|0|0|0|0|0|0|0|0
Allen|0|0|0.980582524272|0|0|0|0|0|0|0|1.0|0|0|0|1.0|0|1.0|0|0|0|0|0|0|0|0|0|0|0|0|0|0|0|0|0|0|0|0|0|0|0|0|0|0|0|0|0|0|0
James P. McDonald|0|0|0|0.868656716418|0.912310286678|0.785907859079|0|0.907172995781|0.72|0|0|0|0|0|0|0|0|0|0|0|0.852140077821|0.914691943128|0|0|0|0|0|0|0|0|0|0|0|0|0|0|0|0|0|0|0|0|0|0|0|0|0|0
EMQ|0|0|0|1.0|0|1.0|0|0|1.0|0|0|0|0|1.0|0|0|0|0|0|0|0|1.0|0|0|0|0|0|0|0|0|0|0|0|0|0|1.0|0|0|0|0|0|0|0|0|0|0|0|0
Tony|0.875|0|0|0|0.945578231293|0|0|0|0|0|0|0.974358974359|0|0|1.0|0|0|0|0|0|0|0|0|0|0|0|1.0|0|0|0|0|0|0|0|0|0|0|1.0|0|0|0|0|0|0|0|0|0|0
Jeremy|1.0|0|0|1.0|0|0|0|1.0|1.0|0|1.0|0.933333333333|0|0|0|0|0|1.0|0|0|0|0|0|0|0|0|0|0|0|0|0|0|0|0|0|0|0|0|0|0|0|0|1.0|0|0|0|0|0
CGI is the &#34;new&#34; lazy|0|0|0|0.959183673469|0|0.965065502183|0|0|0|0|0|0|0|0|0|0|0|0|0|0|0|0|0.964601769912|0|0|0|0|0|0|0|0.963800904977|0|0|0|0|0|0|0|0|0|0|0|0|0|0|0|0|0
Jay B. Lane|0|0|0|0|0.945701357466|0.964989059081|0.956639566396|0|0.965217391304|0|0|0|0|0|0|0|0|0|0|0|0|0|0|0.964912280702|0|0|0|0|0|0|0|0.93567251462|0|0|0|0|0|0|0|0|0|0|0|0|0|0|0|0
Beth|0|0|0|0|0|0|0|0|0|0|1.0|0|0|0|1.0|0|0|0|0.909090909091|0.833333333333|0|0|0|0|0|0|0|0|0|0|0|0|0|0|0|0|0|0|0|0|0|0|0|0|0|0|0|0
Carol|0|0|0|1.0|0|0|1.0|0|0|0|0|0|0.9|0|0|1.0|0|0|0|0|0|0|0|0|0|0|0|0|0|0|0|0|0|0|0|0|0|0|0|0|0|0|0|0|0|0|0|0
Emily R|0|0|0|0|0|0|0|0|0|0|0|0|0|0|0|0|0|0|0.924528301887|0.978260869565|0|0|1.0|0|0|0|0|0|0|0|0|0|0|0|0|0|0|1.0|0|0|0|0|0|0|0|0|0|0
amy|0|0|0|0|0|0|0|0|0|0|0|0|0|0|0|0|0|0|0|0|0|0|0|0|1.0|1.0|0|0|0|0|1.0|0|0|0|0|0|0|0|0|0|0|0|0|0|0|0|0|0
Mark|1.0|0|0.953314659197|1.0|1.0|1.0|0|0|1.0|0.846153846154|1.0|0.984375|0|1.0|0|1.0|1.0|0|0|0|0|0|0|0|0|0|1.0|0|0|0|1.0|1.0|0|0|0|0|0|0|0|1.0|0|0.981900452489|0|0|0|0|0|0
Mars|1.0|0|0|0|0|0|0|0|0|0|0|1.0|0|0|0|0|1.0|0|0|0|0|0|0|0|0|0|0|0|0|0|0|0|0|0|0|0|0|0|0|0|0|0|0|0|0|0|0|0
M D Morgan|0|0|0|1.0|0|1.0|0|0|0|0|0|0|0|0|1.0|0|0|0|0|0|0|1.0|0|0|0|0|0|0|0|0|0|0|0|0|0|0|0|0|0|0|0|0|0|0|0|0|0|0
dansedufeu|0|0|0.935483870968|0|0.878787878788|0|0|0|0|0|0.932584269663|0|0|0|0|0|0|0|0|0|0|0|0|0|0|0|0|0|0|0|1.0|0|0|0|0|0|0|0.972602739726|0|0|0|0|0|0|0|0|0|0
david Michael Volz|0|0|0|0|0|0.866666666667|0|0|0|0|0|0|0|0|0|0|1.0|0|0|0|0|1.0|0|0|0|0|0|0|0|0|0|0|0|0|0|0|0|0|0|0|0|0|0|0|0|0|0|0
J|0|0|1.0|0|0|0|0|1.0|0|0|1.0|0|0|0|0|0|0|0|0|0|0|0|0|0|0|0|0|0|0|1.0|0|0|0|0|0|0|0|0|0|0|1.0|0|0.944444444444|0|0|0|0|0
Monica|0|0|0|1.0|0|0|0|0|0|0|0|0|1.0|0|0|0|0|0|0|0|0|0|0|0.916666666667|0|1.0|0|0|0|0|0|0|0|0|0|0|0|0|0|0|0|0|0|0|0|0|0|0
Jake|0|0|0|0|0|0|0|0|0.984126984127|0|0|0|1.0|0|0|0.988439306358|0|0|0|0|1.0|0|0|0|0|0|0|0|0|0|0|0|0|0|1.0|0|0|0|1.0|0|0|0|0|0|0|0|0|0
Kevin C|0|0.974522292994|0|1.0|0|0|0|0.981651376147|0|0|1.0|0|0|0|0|0|0|0|0|0|0|1.0|0|0|0|0|0|0|0|0|0|0|0|0|0|0|0|0|0|0|0|0|0|0|0|0|0|0
ChewLing|0|1.0|0|0|0|0|0|0|0|0|0|1.0|0|0|0|0|0|0|0|0|0|1.0|0|0|0|0|1.0|0|0|0|0|0|0|0|0|0|0|0|0|0|0|0|0|0|0|0|0|0
peter f.j.|0|0|0|1.0|0|0|0|0|0|1.0|0|0|0|0|0|1.0|0|0|0|0|0|0|0|0|0|0|0|0|0|0|0|0|0|0|0|0|0|0|0|0|0|0|0|0|0|0|0|0
Keith LeBlanc|0|0|0|0|0|0|0|0|0|0|0|0|0|1.0|0|0|0|0|0|0|0|0|0|0|0|0|0|0|0|0|1.0|0|0|1.0|0|0|0|0|0|0|0|0|0|0|0|0|0|0
Rockin' Rik|0|0.978378378378|0|0|0|0|0|0|0|0|0|0|1.0|0|0|0|0|0|0|0|0|0|0|0|0|0|0|0|0|1.0|0|0|0|0|0|0|0|0|0|0|0|0|0|0|0|0|0|0
Big Daddy|1.0|0|0|0|0|0|0|0.942857142857|0.991525423729|0|0|0|0|0|0|0|0|0|0|0|0|0|0|0|0|0|0|0|0|0|0|0|0|0|0|0|0|0|0|0|0|0|0|0|0|0|0|0
European living in Los Angeles|0|0|0|0|1.0|0|0|0|0|0|0|0|0|0.925925925926|0|0|0|0|1.0|0|0|0|0|0|0|0|0|0|0|0|0|0|0|0|0|0|0|0|0|0|0|0|0|0|0|0|0|0
SK|1.0|0|0|0|0|1.0|0|0|0|0|0|0|0|0|0|0|0|0|0|0|0|0|0|0|0|0|0|0|0|1.0|0|0|0|0|0|0|0|0|0|0|0|0|0|0|0|0|0|0
D-man|0|0|0|0|0|0|0|1.0|0|0|0|0|0|0|0|0|0|0|0|0|0|0|0|0|0|0|1.0|0|0|0|0|0|0|1.0|0|0|0|0|0|0|0|0|0|0|0|0|0|0
CLAUDE H BARRON JR|0|0|0|1.0|0|1.0|0|0|0|1.0|0|1.0|0|0|0|0|0|0|1.0|0|0|0|0|0|0|0|0|0|0|0|0|0|0|0|0|0|0|0|0|0|0|0|0|0|0|0|0|0
Greg|1.0|0|0.984771573604|0|0|0.897435897436|0|1.0|0|0|0|1.0|0|0|0|0|0|0|0|0|0|0|0|0|0|0|0|0|0|0.944444444444|0|0|0|0|0|0|0|0|0|0|0|0|0|1.0|0|0|0|0
Douglas|0.929824561404|0|0|0|0|1.0|1.0|0|0|0|0|0|0|0|0|0|0|0|0|0|0|0|0|0|0|0|0|0|0|0|0|0|0|0|0|0|0|0|0|0|0|0|0|0|0|0|0|0
Kimberly|0|0|0|0|0|0|0|0|0|0|0|0|0|0|0|0|0|0|0|1.0|0|0|0|0|0|0|0|0|1.0|0|1.0|0|0|0.5|0|0|0|0|0|1.0|0|0|0|0|0|0|0|0
Nik|0|0|0|0|1.0|0|0|0|0|0|0|1.0|1.0|0|0|0|0|0|0|0|0|0|0|0|0|0|0|0|0|0|0|0|0|0|0|0|0|0|0|0|0|0|0|0|0|0|0|0
J. Lee|0|0|0|0|0|0|0.966666666667|0|0|0|0|1.0|0|0|0|0|0|0|0|0|0|0|1.0|0|0|0|0|0|0|0|0|0|0|0|0|0|0|0|0|0|0|0|0|0|0|0|0|0
Kelly Groce|0|0|0.984984984985|0|0.986979166667|0|0|0|0|0|0|0|0|0|0|0|0|0|0|0|0|0|0|0.985111662531|0|0|0.993993993994|0|0|0|0|0|0|0|0|0|0|0|0|0|0|0|0|0|0|0|0|0
Miranda C Seymour|0|0.947826086957|0|0|0|0|0|0|0|1.0|0|0|0|0|0|0|0|1.0|0|0|0|0|0|0|0|0|0|0|0|0|0|0|0|0|0|0|0|0|0|0|0|0|0|0|0|0|0|0
Michael A. Kleen|0|0|0|0.95841995842|0|0|0.96996996997|0|0|0|0|0|0|0|0|0|0|0|0|0|0|0|0|0|0|0|0|0|0|0|0|0|0|0|0.954887218045|0|0|0|0|0|0|0|0|0|0|0|0|0
Crystal|0|0|0|0|0|0|0|0|0|0|0|0|0|0|0|0|0|0|0|0|0|0|0|1.0|0|0|0|1.0|0|0|0|0|0|1.0|0|0|0|0|0|0|0|0|0|0|0|0|0|0
Anthony L. Wallace|0|0|0|0|0|0|0.990171990172|0.994071146245|0|0.982412060302|0|0|0|0|0|0|0|0|0|0|0|0|0.989130434783|0|0|0|0|0|0|0|0|0|0|0|0.9941089838|0|0|0|0|0|0|0|0|0|0|0|0|0
rbmusicman/and/movie-fan'|0|0.982978723404|0|0.977064220183|0|0.97667638484|0|0|0|0.976119402985|0|0|0.989189189189|0|0|0|0|0|0|0|0|0|0|0|0|0|0|0|0|0|0|0.984|0|0|0|0|0|0|0|0|0|0|0|0|0|0|0|0
Steve|1.0|1.0|0.851851851852|0|1.0|0|0|0.714285714286|0|0|1.0|1.0|0|0|0|0|0|0|0|0|0|1.0|0|1.0|0|0|0|0|0|0|0|0|0|1.0|0|0|0|0.953488372093|0|0|0|0|0|0|0|0|0|0
jeff|1.0|1.0|0|1.0|1.0|0|1.0|0|1.0|1.0|0|1.0|0|1.0|0|0|0|1.0|1.0|0|0|0|1.0|0|0|1.0|0|0|0|0|1.0|0|1.0|0|0|0|0|0|0|0|0|0|1.0|0|1.0|0|0|0
Donna|1.0|0|0|0|1.0|0|0|0|0|0|0|0|1.0|0|0|0|0|0|0|0|0|0|1.0|0|0|0|0|0|0|1.0|0|0|0|0|0|0|0|0|0|0|0|0|0|0|0|0|0|0
Lobstah|0.714285714286|0|0|0|0|0|0|0|0.882352941176|0|0|1.0|0|0|0|0|0|0|0|0|0|0|0|0|0|0|0|0|0|0|0|0|0|0|0|0|0|0|0|0|0|0|0|0|0|0|0|0
Stephen P. Graf|0|0|0|0|0|1.0|0|0|1.0|0|0|0|0|0|1.0|0|0|0|0|0|0|0|0|0|0|0|0|0|0|0|0|0|0|0|0|0|0|0|0|0|0|0|0|0|0|0|0|0
jthetex|0|1.0|0|1.0|0|0|0|1.0|0|0|0|0|0|0|0|1.0|0|0|0|0|1.0|0|0|0|1.0|0|0|0|0|0|0|0|0|0|1.0|0|0|0|0|0|0|0|0|0|0|0|0|0
M&amp;M|0|0|0|0|0|0|0|0|0|0|0|0|0|0.853658536585|0|0|0|0|0|0|0|0.939393939394|0|0|0|0|0|0|0|0|0|0|0|0|0|1.0|0|0|0|0|0|0|0|0|0|1.0|0|0
Tyler|0|0|0|1.0|0|0|0|0|0.95|0|0|0|0|0|0|0|0|0|0|0|0|0|0|1.0|0|0|0|1.0|0|0|0|0|0|0|0|0|0|0|0|0|0|0|0|0|0|0|0|0
Bill|0.974025974026|1.0|0|0|0|0|1.0|1.0|0|0|0|1.0|1.0|0|0|0|0|0|0|0|0.818181818182|0|0|0|0|0|0|0|0|1.0|0|0|0|1.0|0|0|0|0|0|0|0|0|0|0|0|0|0|0
Amber Terry|0|0|0|0|0|0|1.0|0|0|0|0|0|0|0|0|0|0|0|0|0|0|0|0|0|0|0|0|0|0|0|1.0|1.0|0|1.0|0|0|0|0|0|0|0|1.0|0|0|0|0|0|0
Catherine|0|0|0|0.897435897436|0|0|0|0|0|0|0|0|1.0|0|0|0|0|0|0|0|1.0|0|0|0|0|0|0|0|0|0|0|0|0|0|0|0|0|0|0|0|0|0|0|0|0|0|0|0
Kitty|1.0|0|0|1.0|0|0|1.0|0|1.0|1.0|0|1.0|0|0|1.0|0|0|0|0|0|0|0|0|0|0|0|0|0|0|0|0|1.0|0|0|0|0|0|0|0|0|0|0|0|0|0|0|0|0
Nashoba Losa|0|0|0|0|0.947368421053|1.0|0|0|0|0|0|0|0|0|0.944444444444|0|0|0|0|0|0|0|0|0|0|0|0|0|0|0|1.0|0|0|0|0|0|0|0|0|0|0|0|0|0|0|0|0|0
TJ|1.0|1.0|0|0|0|0|1.0|0|0|0|0|0|0|0|0|0|0|0|1.0|0|0|0|0|0|0|0|0|0|0|0|0|0|0|0|0|0|0|0|0|0|0|0|0|0|0|0|0|0
Customer|1.0|0|0|0|0|0|0|1.0|0|0|1.0|0|0|0|0|0|0|0|0|0|0|0|0|0|0|0|0|0|0|0|0|0|0|0|0|0|0|0|0|0|0|0|0|0|0|0|0|0
AJ|1.0|0|0.952941176471|0|0|0|0|0|0|0|0|0|0|0|1.0|0|0|0|0|0|0|0|0|0|0|0|0|0|0.931034482759|0|0|0|0|0|0|0|0|0|0|0|0|0|0|0|0|0|0|0
None of Your Business|0|0|0|0|0|0|1.0|0|0|0|0|0|0|0|0|0|0|1.0|0|0|0|0|0|0|0|0.982300884956|0|0|0|0|0|0|0|0|0|0|0|0|0|0|0|0|0|0|0|0|0|0
Al|0|0|0|1.0|0|0|0|0|0|0|0|1.0|0.954022988506|0|0|1.0|0|0|0|0|0|0|0|0|0|0|0|0|0|0|0|0|0|0|0|0|0|0|0|0|0|0|0|0|0|0|0|0
JT|1.0|0|0|0.975903614458|0|0|0|0|0|0|0|0|0|0|0|0|0|0|0|0|1.0|0|0|0|0|0|0|0|0|0|0|0|0|0|0|0|0|0|0|0|0|0|0|0|0|0|0|0
JR|1.0|0|0|0|1.0|0|0|0|0|1.0|0|0|0|1.0|0|0|1.0|0|0|0|0|1.0|0|0|0|0|1.0|0|0|0|0|1.0|0|0|0|0|0|0|0|0|0|0|0|0|0|0|0|0
Sharon|0|0|0|0|0|0|0|0|0|0|0|0|0|0|0|0|0|1.0|0|0|1.0|0|0|0|0|0|0|1.0|0|0|0|0|0|0|0|0|0|0|0|0|0|0|0|0|0|0|0|0
JSF|0|0|1.0|0|0|0|0|0|0|0|0|0|0|0|0|0|0|0|1.0|0|0|0|1.0|1.0|0|0|0|0|0|0|0|0|0|0|0|0|0|0|0|0|0|0|0|0|0|0|0|0
Inquisitive Guereza|0|0.987421383648|0|0|0|0.984615384615|0|0|1.0|0|0|0|0|0|0|0|0|0|1.0|0|1.0|0|1.0|0|0|0|0|0|0|0|0.959016393443|0|0|0|0|1.0|0|0|0|0|1.0|0|0|0|0|0|0|0
Michelle|0|1.0|0|0|0.955056179775|0|1.0|0|0|0|0|0.958333333333|1.0|0|0|0|0|0|0|0|0|0|0|0|0|0|0|0|1.0|0|0|0|0|1.0|0|0|1.0|0|1.0|0|0|0|0|0|0|1.0|0|0
R. Coats|0|1.0|0|0|0|0|0|0|0|0|0|0|0|0|0.952380952381|0|1.0|0|0|0|0|0|0|0|0|0|0|0|0|0|0|0|0|0|0|0|0|0|0|0|0|0|0|0|0|0|0|0
scoot|0|0|0.975903614458|1.0|0|1.0|0|0|0|0|0|1.0|0|1.0|0|0|0|0|1.0|0|0|0|0|0|0|0|0|0|0|0|0|0|0|0|0|0|0|0|0|0|0|0|0|0|0|0|0|0
U.N. S.|0|0|0|0|0|0|1.0|0|1.0|1.0|0|0|0|0|0|0|0|0|0|1.0|0|0|0|0|0|0|0|0|0|0|0|0|0|0|0|0|0|0|0|0|0|0|0|0|0|0|0|0
Michael Kim|1.0|0|0|0|1.0|0|0|0|0|0|0|0|0|0|0|0|0|0|0|0|0|0|0|0|0|0|0|0|0|0|0|0|0|0|0|0|0|0|0|0|0|0|0|0|1.0|0|0|0
LynnW.|0|0|0|0|0.961538461538|0|0|0|0|0|0|0|0|0|0.8|0|0|0|0|0|0|1.0|0|0|0|0|0|0|0|0|0|0|0|0|0|0|0|0|0|0|0|0|0|0|0|0|0|0
CEB|0|0|0|0|0|1.0|0|0|0|0|0|0|0|0|0|0|1.0|0|0|0|0|0|0|0|0|1.0|0|0|0|0|0|0|0|0|0|0|0|0|0|0|0|0|0|0|0|0|0|0
By CJs Pirate|0|1.0|0|0.926829268293|0|0.967741935484|0|0|0|0|0|0|0|0|0|0|0|0|1.0|0|0|0|0|0|0|0|0|0|0|0|0|0|0|0|0|0|0|0|0|0|0|0|0|0|0|0|0|0
Anita|1.0|0|0|0|0|0|0|0|0|0|0|0|0|0|0|0|1.0|0|0|0.974358974359|0|0|0|0|0|0|0|0|0|0|0|0|0|0|0|0|0|0|0|0|0|0|0|0|0|0|0|0
OlyNomad|0|0|0|0|0|0|1.0|0|0|0|0|0|0|0|0|0|0|1.0|0|0|0|0|0|0|0|0|0|0|1.0|0|0|0|0|0|0|0|0|0|0|0|0|0|0|0|0|0|0|0
True-Review|0|0|0|0|0|0|0|1.0|0|0|0|0.92|0|0|0|0|0|0|0|0|0|0|0|0|0|0|0.971014492754|0|0|0|0|0|0|0|0|0|0|0|0|0|0|0|0|0|0|0|0|0
R|0|0|0|0|0|0|0|0.968660968661|0|0|0|0|1.0|0|0|0|0|0|0|0|0|0|0|0|0|0|1.0|0|0|0|0|0|0|0|0|0|0|0|0|0|0|0|0|0|0|0|0|0
R. Smith|0|0|0|0.951219512195|0.971326164875|0|0|0.983606557377|0|0|1.0|0|0|0|0|0|0.973684210526|0|0|0|0|0|0|0|0|0|0.981735159817|0|0|0|0|0|0|0|0|0|0|0|0|0|0|0|0|0|0|0|0|0
Richard|0|1.0|0.987577639752|0|0|1.0|1.0|0.9375|0|1.0|0|0|0|0|0|0|0|0|0|0|0.978723404255|1.0|0|0|0|0|0|0|0|0|1.0|0|0|0|0|0|0|0|0|0|0|0|0|0|0|0|0|0
Batman|1.0|0|0|0|0|0|0|0|0|0|0|0|0|0.959183673469|0|0|0|0|0|0|0|0|1.0|0|0|0|0|0|0|0|0|0|0|0|0|0|0|0|0|0|0|0|0|0|0|0|0|0
Matt|1.0|0|0|0|0|0.983333333333|1.0|0|0|0|0.818181818182|0|0|1.0|0|0|0|0|0|0|0|0|0|0|0|0|0|0|0|0|0|0|0|0|0|0|0|0|0|0|0|0|0|0|0|0|0|0
Ian|0|0|0|0|0|0|0|0|0|0|0|0|0|0|0|0|0|0|1.0|1.0|0|0|0|0|0|0|0|0.984251968504|0|0|0|0|0|0|0|0|0|0|0|0|0|0|0|0|0|0|0|0
Randy|0|0|0|1.0|0|0|0|0|0.967213114754|0|0|0|0|0|1.0|0|0|0|0|0|0|0|0|0|0|0|0|0|0|0|0|0|0|0|0|0|0|0|0|0|0|0|0|0|0|0|0|0
James S.|1.0|1.0|0|0|0|0|0|0|0|0|0|0|0|0|0|0|0|0|0|0|0|0|0|0|1.0|0|0|0|0|0|0|0|0|0|0|0|0|0|0|0|0|0|0|0|0|0|0|0
Jackie|0|0|0|0|0|0|0|0.913043478261|0|0|0|0|0|0|0|0|0|0|0.940298507463|0|0|0|0|1.0|0|0|0|0|0|0|0|0|0|0|0|0|0|0|0|0|0|0|0|0|0|0|0|0
ServantofGod|0|0|1.0|0|0.983050847458|0|0|0|0|1.0|0|0|0|0|0|0|0|0|0|0|0|0|0|0|0|0|0|0|0|0|1.0|0|0|0|0|0|0|0|0|0|0|0|0|0|0|0|0|0
M. Hines|0|0|0|0|0|0|0|0|0|0|0|0|0|1.0|0|0|0|0|0|0|0|1.0|0|0|0|0|0|0|1.0|0|0|0|0|0|0|0|0|0|0|0|1.0|0|0|0|0|0|0|0
sara|0|0|0|0|0|0|0|0|0|0|0|0|0|0|0|0|0|0|1.0|0|0|0|0|0|0|1.0|1.0|0|0|0|0|0|0|0|0|0|0|0|0|0|0|0|0|0|0|0|0|0
William Schoebel|0|0|0|0|0|1.0|0|0|0|0|0|1.0|0|0|0|0|0.818181818182|0|0|0|0|0|0|0|0|0|0|0|0|0|0|0|0|0|0|0|0|0|0|0|0|0|0|0|0|0|0|0
Ana|0|1.0|0|1.0|0|0|0|0|0|0|0|0|0|0|0.939393939394|0|0|0|0|0|0|0|1.0|0|0|0|1.0|0|0|0|0|0|0|0|0|0|0|0|0|0|0|0|0|0|0|0|0|0
Endevour32|0|0|0|1.0|0|0.777777777778|0|1.0|0|0|0|0|0|0|0|0|0|0|0|0|0|0|0|0|0|0|0|0|0|0|0|0|0|0|0|0|0|0|0|0|0|0|0|0|0|0|0|0
Cook & Collector|0|0|0|0|0.982142857143|0|0|0|0.948717948718|0|0|0|0|0|0|0|0|0|0|0|0|0|0|0|0|1.0|0|0|0|0|0|0|0|0|0|0|0|0|0|0|0|0|0|0|0|0|0|0
Bb|0|0|0|0|0|0|0|0|0|0|0|0|0|0|0|0|0|0|0.9|0|0|0|0|1.0|0|0|0|0|1.0|0|0|0|0|0|0|0|0|0|0|0|0|0|0|0|0|0|0|0
B+|0|0|0|1.0|1.0|0|0|1.0|0|0|0|0|0|0|0.882352941176|0|0|0|0|0|0|0|0|0|0|0|0|0|0|0|0|0|0|0|0|0|0|0|0|0|0|0|0|0|0|0|0|0
K &amp; Q Marcus|0|0|1.0|0|0|0|0|0|0|0|0|0|0|0|0|0|0|0|0|0|0|1.0|0|0|0|0|0|0|0|0|0|0|0|0|0|0|0|0|0|0|0|0|0.954545454545|0|0|0|0|0
Sunshine|1.0|0|0|1.0|0|0|0|0|0|0|0|0|0|0|0|0|1.0|0|0|0|0|0|0|0|0|0|0|0|0|0|0|0|0|0|0|0|0|0|0|0|0|0|0|0|0|0|0|0
Jean-Marc Berne|0|0|0|0|0|0.916666666667|0|0|1.0|0|0|0|0|0|0|0|1.0|0|0|0|0|0|0|0|0|0|0|0|0|0|0|0|0|0|0|0|0|0|0|0|0|0|0|0|0|0|0|0
Barry H. Ballard|0|1.0|0|1.0|0|0|0|0|0|0|0|0|0|0|1.0|0|0|0|0|0|1.0|0|0|0|0|0|0|0|0|0|0|0|0|0|0|0|0|0|0|0|0|0|0|0|0|0|0|0
Phacelesshero|1.0|0|0|1.0|0|0|1.0|0|0.961538461538|1.0|0|0|1.0|0|0|0|1.0|0|0|0|0|0|0|0|0|0|0|0|0|0|0|0|0|0|0|0|0|0|0|0|0|0|0|0|0|0|0|0
Thomas|0|0|0|1.0|0|1.0|1.0|0|1.0|0|0|1.0|0|0|0|0|1.0|0|0|0|0|1.0|0|0|0|0|0|0|0|0|0|0|1.0|0|0.942857142857|0|0|0|0|0|0|0|0|0|0|0|0|0
Ho Ka Ming|0|0|0|1.0|0|0|0|0|0|0|0|0.981818181818|0|0|0|0|0|0|0|0|0|0|0|0|0|0|0|0|0|0|0|0|0|0|1.0|0|0|0|0|0|0|0|0|0|0|0|0|0
Luvtoshop|0|0|0|0|0|0|0|0|1.0|0|1.0|1.0|0|0|0.92|0|0|0|1.0|0|0|0|0|0|0|0|0|0|0|0|0|0|0|0|0|0|1.0|0|0|0|0|0|0|0|0|0|0|0
Phoenix|0|0|0|0|0|1.0|0|0|0|0|1.0|0|0|0|0|0|0|0|0|0|0|1.0|0|0|0|0|0|0|0|0|0|0|0|0|0|0|0|0|0|0|0|0|0|0|0|0|0|0
Jack|0|0.979166666667|1.0|0|0|0|0|0|0|0|0|0|0|0|0|0|0.967213114754|0|0|0|0|0|0|0|0|0|0|0|0|0|0|0|1.0|0|0.952380952381|0|0|1.0|0|0|0|0|0|0|0|0|0|0
Kat|1.0|0|0|0|1.0|0|0|0|0|0|0|0|0|0|1.0|0|0|0|0|1.0|0|0|0|0|1.0|0|0|0|0|0|0|0|0|0|0|0|0|0|0|0|0|0|0|0|0|0|0|0
Helen|1.0|0|0|0|0|0|0|1.0|0|0|0|0|0|0|1.0|0|0|0|0|0|0|0|0|0|0|0|0|0|0.964912280702|0|0|0|0|0|0|0|0|0|0|0|0|0|0|0|0|0|0|0
Bobby|0|0|0.980830670927|0|0|0|0|0|0|0.954545454545|0|0|0.987878787879|0|0|0|0|0|0|0|0|0|0|0|0|0|0|0|0|0|0|0|0|1.0|0|0|0|0|0|0|0|0|0|0|0|0|0|0
Curt|0|1.0|0|0|0|0|0|0|0|0|0|0|0|0|0|1.0|0|0|0|0|0|0|0|0|0|0|0|0|0|0|0|0|1.0|0|0|0|0|0|0|0|0|0|0|0|0|0|0|0
R. Lee|0|1.0|0|0|1.0|0|0|0|0|0|1.0|0|0|1.0|0|1.0|0|0|0|0|0|0|0|0|0|0|0|0|0|0|0|0|0|0|0|0|0|0|0|0|0|0|0|0|0|0|0|0
Craig|1.0|1.0|0|0|0|0|0|0|0|0|0|0|0|0|0|0|0|0|0|0|0|0.931034482759|0|0|0|0|0|0|0|0|0|0|0|0|0|0|0|0|0|0|0|0|0|0|0|0|0|0
Colin|0|0|0|1.0|0|0|0|0|0|0|1.0|1.0|0|0|0|0|0|0|0|0|0|0|0|0|0|0|0|0|0|0|0|0|0|0|0|0|0|0|0|0|0|0|0|0|0|0|0|0
Shelly|0|0|0|0|0|0|1.0|0|0|0.990243902439|0|0|0|0|0|0|0|0|0|0|1.0|0|0|0|0|0|0|0|0|0|0|0|0|0|0|0|0|0|0|0|0|0|0|0|0|0|0|0
member2002|0|0|0|1.0|0|0|0|0|0.945945945946|0|0|0|0|0|0|0|0|0|0|0|0|0|0|0|0|0|0|0|0|0|0|0|0|0|1.0|0|0|0|0|0|0|0|0|0|0|0|0|0
Fred|0|0|0|1.0|0|1.0|0|0|1.0|0|0|1.0|0|0|0|0|1.0|0|0|0|0|0|1.0|0|0|0|0|0|0|1.0|0|1.0|0|0|0|0|0|0|1.0|0|0|0|0|0|0|0|0|0
Debbie|1.0|0|0|0|0|0|0|0|0|0|0.974683544304|0|0|0|0|0|0|1.0|0|0|0|0|0|0|1.0|0|1.0|0|0|0|0|0|0|0|0|0|0|0|0|0|0|0|0|0|0|0|0|0
Sydney|0|0|0|0|0|1.0|0|0|0|0|0|0|0|0|0|0|0|0|0|0|0|0|0|1.0|0|0|0|0|0|0|0|0|0|0|0|1.0|0|0|0|0|0|0|0|0|0|0|0|0
Robert Rivera|0|0|0|0|0|0|0|0|1.0|0|0|0|1.0|0|0|0|0|0|0|0|0|0|0|0|0|0|0|0|0|0|0|0|0|0|0|1.0|0|0|0|0|0|0|0|0|0|0|0|0
Woodacre|0|0|0|0|0.979797979798|0|0|1.0|0|0|0|0|0|0|0|0|0|0|0|0|0|0|0|0|0|0|1.0|0|0|0|0|0|0|0|0|0|0|0|0|0|0|0|0|0|0|0|0|0
C|0|0|0|0|0|0|0.981818181818|0|0|1.0|0|0|0|0|0|0|0|0|0|0|0|0|0|0|0|0|0|0|0|1.0|0|0|0|0|0|0|0|0|0|0|0|0|0|0|0|0|0|0
Amazonian|0|0|1.0|0|0|0|1.0|0|0|0|0|0|0|0|0|0|0|0|0|0|0|0|0|0|0|0|0|0|1.0|0|0|0|0|0|0|0|1.0|0|0|0|0|0|0|0|0|0|0|0
tiny|0|0|0|0|0|0|0|0|1.0|1.0|0|0|0|0|0|0|0|0|0|0|0|0|0|0|0|0|0|0|1.0|0|0|0|0|0|0|0|0|0|0|0|0|0|0|0|0|0|0|0
CK|0|1.0|0|0|0|0|0|0|0|0|0|0|1.0|0|0|0|0|0|0|0|0|1.0|0|0|0|0|0|0|0|0|0|0|0|0|0|0|0|0|0|0|0|0|0|0|0|0|0|0
CJ|0|0|0|1.0|1.0|0|1.0|0|0|0|0|0|0|0|0|1.0|0|0|0|0|0|0|0|0|0|0|0|0|0|0|0|0|0|0|0|0|0|0|0|0|0|0|0|0|0|0|0|0
CS|0|0|0|0|0|0|0|0|0|0|1.0|0.985185185185|1.0|0|0|0|0|0|0|0|0|0|0|0|0|0|0|0|0|0|0|0|0|0|0|0|0|0|0|0|0|0|0|0|0|0|0|0
CW|0|0|0|0|0|0|0|0|0|1.0|0|0|0|0|0|1.0|0|0|0|0|0|0|0|1.0|0|0|0|0|0|0|0|0|0|0|0|0|0|0|0|0|0|0|0|0|0|0|0|0
kim|1.0|0|0|0|1.0|0|0|0|0|1.0|0|0|0|0|0|0|0|0|0|0|0|0|0|0|0|0|0|0|0|0|0|0|0|0|0|0|0|0|0|0|0|0|0|0|0|0|0|0
Andy Waitstill|0|0|0|0.977611940299|0|0.980707395498|0|0.989473684211|0|0.992277992278|0|0|0|0|0|0|0.986440677966|0|0|0|0|0|0|0|0|0|0|0|0|0|0|0|0|0|0|0|0|0|0|0|0|0|0|0|0|0|0|0
BeachAnchor|0|0|0|0|0|0|0|0|0|0|0|0|0|0|1.0|0|0|0|0|0|1.0|0|0|0|0|0|0|0|0|0.980198019802|0|0|0|0|0|0|1.0|0.990867579909|0|0|0|0|0|0|0|0|0|0
J. Horton|0|0|0|0|0|0|0|0|0|0|1.0|0|0|0|0|0|0|0|0|0|0|0|0|0|0|0|1.0|0|0|0|0|0|0|0|0|0|0|0|1.0|0|0|0|0|0|0|0|0|0
William B|0|0|0|0|0|0|1.0|0|0|0|0|0|1.0|0.857142857143|0|0|1.0|0|1.0|0|0|0|0|0|0|0|0|1.0|0|0|0|0|0|0|0|0|0|0|0|0|0|0|0|0|0|0|0|0
Cameron|0|0|0|0|0|0|0.982160555005|0|0|0|0|0.978513876455|0|0|0|0|1.0|0|0|0|0|0|0|0|0|0|0|0|0|0|0|0|0|0|0.970588235294|0|0|0|0.989708404803|0|0|0|0|0|0|0|0|0
Shawn|1.0|1.0|1.0|1.0|1.0|0|0|0.777777777778|1.0|0|0|0|0|0|0.945945945946|0|0|0|0|0|0|0|0|0|0|0|0|0|0|0|0|0|1.0|0|0|0|0|1.0|0|0|0|0|0|0|0|0|0|0
Andrew|0|0|0.985611510791|0.953488372093|0|0|0|0|1.0|0|0|0|0|0|0|0.978378378378|0|0|0|0|0|0|0|1.0|0|0.972972972973|0|0|0|0|0|0|0|0|0|0|0|0.985294117647|0|0|0|0|0|0|0|0|0|0
Andrea|0|0|0|0|1.0|0|0|0|0|0|0|0|0|0|0|0|0|0|0|0|0|0|0.978260869565|0|0|0|0|0|0|0|0|0|0|0|0|0.942857142857|0|0|0|0|0|0|0|0|0|0|0|0
Joshua Glowzinski|0|0|0|0|0|0|0.972752043597|0|0.975757575758|0|0|0|0|0|0|0|0|0|0|0|0|0|0|0|0|0|0|0|0|0|0.990950226244|0|0|0|0|0|0|0|0|0|0|0|0|0|0|0|0|0
A customer|0|0|0|1.0|1.0|0|0|0|0|0|0|0|0|1.0|0|0|1.0|0|0|0|0|0|0|0|0|0|0|0|0|0|0|0|0|0|0|0|0|0|0|0|0|0|0|0|0|0|0|0
Sinclair Garner|0|0|0|1.0|0|0|1.0|0|1.0|0|0|1.0|0|0|0|0|0|0|0|0|0|0|0|0|0|0|0|0|0|0|0|0|0|0|0|0|0|0|0|0|0|0|0|0|0|0|0|0
Darren|0|0|0|0.942857142857|0|0|0|0|1.0|0|0|0|0|1.0|1.0|0|0|0|0|1.0|0|1.0|0|0|0|0|0|0|0|0|0|0|0|0|0|0|0|0|0|0|0|0|0|0|0|0|0|0
Stephen|0|0|0|1.0|0|0|0.966101694915|0|0.978181818182|0|0|0|0|0|0|0|0|0|0|0|0|0|0|0|1.0|0|0|0|0|0|0|0|1.0|0|0|0|0|0|0|0|0|0|0|0|0|0|0|0
RBSProds|0.947712418301|0|0|0.936305732484|0|0.944055944056|0.956204379562|0|0|0|0|0|0|0|0|0|0|0|0|0|0|0|0|0|0|0|0|0|0|0|0|0|0|0|0|0|0|0|0|0|0|0|0|0|0|0|0|0
w. mycroft|0|0|0|0|0.964601769912|0|0|0.942857142857|1.0|0|0|0|0|0|0|0|0|0|0|0|0|0.954545454545|0|0|0|0|0|0|0|0|0|0|0|0|0|0|0|0|0|0|0|0|0|0|0|0|0|0
Ben|1.0|0|0|0.972350230415|0|0|0.983673469388|0|0|0|0.964285714286|0|0|0|0|0|0|0|1.0|1.0|0|0|1.0|0|0|0|0|0|0|0|0|0|0|0|0|0|0|0|0|0|0|0|0|0|0|0|0|0
Brad|0.951219512195|0|0|0|0|0|0|0|0|0|0|0|0|1.0|0.955555555556|0|0|0|0|0|0|0|0|0|0|0|0|0|0|0|0|0|0|0|0|0|0|0|0|0|0|0|0|0|0|0|0|0
Heather|0|1.0|0|0|1.0|0|0|0|0|0|0|0|1.0|0|0.935483870968|0|0|0|0|1.0|1.0|0|0|0|0|0|0|0|0|0|0|0|0|1.0|0|0|0|0|0|0|0|0|0|0|0|0|0|0
A German Amazon Customer|0|0|0.985815602837|0|0.969230769231|0|0|0.935483870968|0|0|0|0|0|0|0|0|0|0|0|0|0|0|0|0|0|0|0|0|0|0|0|0|0|0|0|0|0|0|0|0|0|0|0|0|0|0|0|0
Leslie|0|1.0|0.97619047619|0|0|0|0|0|0|0|0|0|0|0|0|0|0|0|0|0|0|0|0|0|0|0|0|0|0|0|1.0|1.0|0|0|0|0|0|0|0|0|0|1.0|0|0|0|0|0|0
Jon B Woo|0|0|0|0|1.0|0|0|0|0|0|0.935483870968|0|0|0|0|0|0|0|0|0|0|0|0|0|0|0|0|0|0|0|0|0|0|0|0|0|0|0|1.0|0|0|0|0|0|0|0|0|0
Eli|0|0|0|0|1.0|0|0|0.977777777778|0|0|0|0|0|0|0|0|0|0|0|0|0|1.0|0|0|0|0|0|0|0|0|0|0|0|0|0|0|0|0|0|0|0|0|0|0|0|0|0|0
Kyle|1.0|0.904761904762|0|0|0|0|0|0|1.0|0|0|0|0|0|0|0|0|0|0|0|0|0|0|0|0|0|0|0|0|0|0|0|0|0|0|0|0|0|0|0|0|0|0|0|0|0|0|0
Floridian|0|0|0|0|0|0|0|0|0.853658536585|0|0|0|0|1.0|0.8|0|0|0|0|0|0|0|0|0|0|0|0|0|0|0|0|0|0|0|0|0|0|0|0|0|0|0|0|0|0|0|0|0
happy in SoCal|0|0|0|0|0|0|1.0|0|0|0|0|0|1.0|0|0|0|0|0|0|0|0|0|0|0|1.0|0|0|0|0|0|0|0|0|0|0|0|0|0|0|0|0|0|0|0|0|0|0|0
Ken|1.0|1.0|1.0|0|1.0|1.0|0|1.0|0|0|0|1.0|0|1.0|0|0|1.0|0|0|0|0|1.0|0|0|0|0|0|0|0|0|0|0|1.0|0|0|0|0|0|0|0|0|0|0|0|0|0|0|0
The Movie Guy|0|0|0.992647058824|0|0.903448275862|0|0|0.948529411765|0|0|0|0.985074626866|0|0.972602739726|0|0|0|0.941605839416|1.0|0|0|0.967741935484|0|0|0|0.979166666667|0|0|0|0|0|0.972222222222|0|0.974358974359|0.959390862944|0|0|0|0|0|0|0|0|0.98615916955|0|0|0|0
Kev|0|1.0|0|0|0|0|0|0|0|0|0|0|0|0|0|0|0|0|1.0|0|1.0|0|0|0|0|0|0|0|0|0|0.954545454545|0|0|0|0|0|0|0|0.866666666667|1.0|0|0|0|0|0|0|0|0
J. Dos|0|0|0|0|0|0|0|0|1.0|0|0|0.714285714286|0|0|0|0|0.888888888889|0|0|0|0|0|0|0|0|0|0|0|0|0|0|0|0|0|0|0|0|0|0|0|0|0|0|0|0|0|0|0
Kindle Customer|1.0|0.958333333333|1.0|1.0|0.866666666667|0.818181818182|1.0|1.0|1.0|1.0|1.0|1.0|1.0|0.975903614458|1.0|1.0|1.0|0.904761904762|1.0|0.968253968254|1.0|1.0|1.0|1.0|1.0|1.0|1.0|1.0|1.0|1.0|0.888888888889|0|1.0|1.0|1.0|1.0|0|1.0|1.0|0|0|0|0.943661971831|0|0|0|0|0
Gregory O'Shea|0|1.0|1.0|0|1.0|0|0|0|0|0|0|0|0|0|0|0|0|0|0|0|0|0|0|0|0|0|0|0|0|0|0|1.0|1.0|0|0|0|0|0|0|0|0|0|0|0|0|0|0|0
Stacy H.|0|0|0|0|0|1.0|0|0|0|0|0|0|0|0|1.0|1.0|0|0|0|0|0|0|0|0|0|0|1.0|0|0|0|0|0|0|0|0|0|0|0|0|0|0|0|0|0|0|0|0|0
Desert Denizen|0|1.0|0|0|1.0|0|0|0|0|0|0|0|1.0|0|0|0|0|0|0|0|0|0|0|0|0|0|1.0|0|0|0|0|0|0|0|0|0|0|0|0|0|0|0|0|0|0|0|0|0
Dennis Brock Peace|0|0|0|0|0|0.916666666667|0|0|1.0|0|0|0|0|1.0|0|0|0|0|0|0|0|0|0|0|0|0|0|0|0|0|0|0|0|0|0|0|0|0|0|0|0|0|0|0|0|0|0|0
rachel|0|0|0|0|0|0|0|0|0|1.0|0|0|0|0|1.0|0|0|0|0|1.0|0|0|0|0|0|0|0|0|0|0|0|0|0|0|0|0|0|0|0|0|0|0|0|0|0|0|0|0
Teresa|1.0|0|0|0|0|0|0|0|0|0|0|0|0|0|0|0|0|1.0|1.0|0|0|0|0|1.0|0|0|0|0|1.0|0|0|0|0|0|0|0|0|0|0|0|0|0|0|0|0|0|0|0
DJ|0|0|0|0|0|0|0|0|0|0|0|0|0|0|0|1.0|0|1.0|0|0|0|0|0|1.0|0|0|0|0|0|0|0|0|0|0|0|0|0|0|0|0|0|0|0|0|0|0|0|0
DK|0|0.955555555556|0|0|0|0|0|0|0|0|0|0.982456140351|0|0.972093023256|0|0|0|0|0|0|0|0|0|0|0|0|0|0|0|0|1.0|0|0|0|0.977401129944|0|0|0|0|0|0|0|0|0|0|0|0|0
DD|0|0|0.96261682243|0|0|0.9|0|0|0|0|0|0|0|0|0|1.0|0|0|0|0|0|0|0|0|0|0|0|0|0|0|0|0|0|0|0|0|0|0|0|0|0|0|0|0|0|0|0|0
Bob Ornelas|0|0|0|1.0|0|0|0|0|0|0|0|1.0|0|0|0.875|0|0|0|0|0|0|0|0|0|0|0|0|0|0|0|0|0|0|0|0|0|0|0|0|0|0|0|0|0|0|0|0|0
John Doe|0|1.0|0|1.0|0|0|1.0|0|0.952941176471|0|0|1.0|1.0|0|0|0|0|0|0|0|0|0|0|0|0|0|0|0|0|0|0|0|0|1.0|0|0|0|0|0|0|0|0|0|0|0|0|0|0
In Montana|0|0|1.0|0|1.0|0|0|0|0|0|0|0|0|1.0|0|0|1.0|1.0|0|0|0|0|0|0|0|0|0|0|0|1.0|1.0|0|0|0|0|0|0|0|0|0|0|0|0|0|0|0|0|0
Amzon Comsuter|1.0|0|0|0|0|0|0|0|1.0|0|0|0.982608695652|0|0|0|0|0|0|0|0|0|0|0|0|0|0|0|0|0|0|1.0|0|0|0|0|0|0|0|0|0|0|0|0|0|0|0|0|0
D. Jones|0|0|0|0|1.0|0|0|0|1.0|0|0|0|0|0|0|0|0|0|0|0|0|0|0|0|0|0|1.0|0|0|0|0|0|0|0|0|0|0|0|0|0|0|0|0|0|0|0|0|0
C. Pearson|0|1.0|0|0|1.0|0|0|0|0|0|0|0|0|0|0|0|0|0|0|0|0|0|0|0|0|0|0|0|0|0|0|0|0|0|1.0|0|0|0|0|0|0|0|0|0|0|0|0|0
j.|1.0|0|0|0|0|0|0|0|0|0|0|0|0|1.0|0|0|0|0|0|0|0|0|0|0|0|0|1.0|0|0|0|0|0|0|0|0|0|0|0|0|0|0|0|0|0|0|0|0|0
HAVIN FUN|0|0|0|0|0|0|1.0|0|0|1.0|0|0|0|1.0|0|0|1.0|1.0|0|0|0|0|0|1.0|0|0|0|0|0|0|0|1.0|0|0|0|0|0|0|0|0|0|0|0|0|0|0|0|0
Donald Wayne Gresham Jr|0|0|0|0|0|0|0|0|0|0|0|0|0|0|0|0|0|1.0|0|0|0|0|0|0|0|0|0|0|0|0|0|0|1.0|1.0|0|0|0|0|0|0|0|0|0|0|0|0|0|0
Carolyn|0|0|0|1.0|0|0|0|0|0|0|0|0|0|0|0|0|0|0.952380952381|0|0|0|0|0|0|0|0|0|0|0|0|1.0|0|0|0|0|0|0|0|0|0|0|0|0|0|0|0|0|0
drqshadow|0|0.980295566502|0.994350282486|0|0.9795221843|0|0|0|0.981941309255|0|0|0|0.943661971831|0|0|0|0|0.960784313725|0.991416309013|0|0|0|0.99173553719|0|0|0|0|0|0|0.970909090909|0|0|0|0|0|0|0|0|0|0|0.98347107438|0|0|0.983870967742|0.99|0|0|0
Joseph M. Reninger|0|0.971830985915|0|0.989949748744|0|0|0.986577181208|0|0|1.0|0|0|1.0|0|0|0|0|0|0|0|0|0|0|0|0|0|0|0|0|0|0|0|0|0|0|0|0|0|0.983606557377|0|0|0|0|0|0|0|0|0
LittleTx|0|0|0|0|0|1.0|0|0|0|0|0|0|0|0.894736842105|0|0|0|0|0|0|0|0|0|0|0|0|0|0|1.0|0|0|0|0|0|0|0|0|0|0|0|0|0|0|0|0|0|0|0
charles Johnson|0|0|0|0|0|0|0|0|0|0|0|1.0|0|0|1.0|0|1.0|0|0|0|0|0|0|0|0|0|1.0|0|0|0|0|0|0|0|0|0|0|0|0|0|0|0|0|0|0|0|0|0
Ohbeonecanknowme|0|0|0|0|0|0|0|0|0|0|0|0|0|0|1.0|0|0|0|0|0|0|0.875|0|0|0|0|0|0|0|0|0|0|0|0|0|0|0|0.857142857143|0|0|0|0|0|0|0|0|0|0
william stafford|0|0|0|1.0|0|0|0|0|0|0|0|1.0|0|0|0|0|0|0|0|0|0|1.0|0|0|0|0|0|0|0|0|0|0|0|0|0|0|0|0|0|0|0|0|0|0|0|0|0|0
halie|0|0|0|0|0|0|0|0|0|0|0|0|0|0|0|0|1.0|0|1.0|0|0|0|0|0|0|0|0|0|0|0|0|0|0|0|0|0|1.0|0|0|0|0|0|0|0|0|0|0|0
Gerald|0|0|0|1.0|0|1.0|0|0|0|0|1.0|0|0|0|0|0|0|0|0|0|0|0|0|0|0|0|0|0|0|0|0|0|0|0|0|0|0|0|0|0|0|0|0|0|0|0|0|0
J. Conrad Stambaugh|0|0|0.981651376147|0.976331360947|0|0|0|0|0|0|0|0|0|0|0|0|0|0|0|0|0|0|0|0|0|0|0|0|0|0|0|1.0|0|0|0|0|0|0|0|0|0|0|0|0|0|0|0|0
Mel|0|0|0|0|0|0|0|0|0|0|0|0|0|0|0|1.0|1.0|0|0|0|0|0|0|0|0|0|0|0|0|0|0|0.973913043478|0|0|0|0|0|0|0|0|0|0|0|0|0|0|0|0
moviefan|0|0.961538461538|0|0|0.972972972973|0|0|0|0|0|0|0|0|0|0|0|0|0|0|0|0|0|0|0|0|0|0|0|0|0|0|0|1.0|0|0|0|0|0|0|0|0|0|0|0|0|0|0|0
John M.|0|1.0|0|0|0|0|0|1.0|0|0|0|0|0|0|1.0|0|0|0|0|0|0|0|0|0|0|0|0|0|0|0|0|0|0|0|0|0|0|0|0|0|0|0|0|0|0|0|0|0
riley01|0|0|0|0|0.957446808511|0|1.0|0|0|0|0|0|0|0|0|0|0|0|0|0|0|0|0|1.0|0|0|0|0|0|0|0|0|0|0|0|0|0|0|0|0|0|0|0|0|0|0|0|0
R. Laryea|0|0|0|1.0|0|0|1.0|0|0|0|0|0|1.0|0|0|0|0|0|0|0|0|0|0|0|0|0|0|0|0|0|0|0|0|0|1.0|0|0|0|0|0|0|0|0|0|0|0|0|0
Craig Owens|0|0|0|1.0|0|1.0|0|0|0|0|0|0|0|0|0|0|0|0|0|0|0|0|1.0|0|0|0|0|0|0|0|0|0|0|0|0|0|0|0|0|0|0|0|0|0|0|0|0|0
S_T_N|0|0|0|0|0|1.0|0|0|0|0|0|0|0|0|0|0|0|0|0|0|0|0|1.0|0|0|0|0|0|0|0|0|1.0|0|0|0|0|0|0|0|0|0|0|0|0|0|0|0|0
eugene f dunham III|0|0|0|0|0|1.0|0|1.0|0|0|0|0|0|0|0|0|0|0|0|0|0|1.0|0|0|0|0|0|0|0|0|0|0|0|0|0|0|0|0|0|0|0|0|0|0|0|0|0|0
DaveTheMechanic|0|0|0|0|0|1.0|0|0|0|0|0|0|0|1.0|0|0|0|0|0|0|0|0|0|0|0|0|0|0|0|0|0|0|1.0|0|0|0|0|0|0|0|0|0|0|0|0|0|0|0
Jamey.arnouville|0|0|0|0|0|0|0|0|1.0|0|0|1.0|0|0|0|0|0|0|0|0|0|1.0|0|0|0|0|0|0|0|0|0|0|0|0|0|0|0|0|0|0|0|0|0|0|0|0|0|0
Bill B.|0|0|0|0|0|0|0|0|0|0|0|0|0|0|0|1.0|0|0|0|0|0|0|1.0|0|0|1.0|0|0|0|0|0|0|0|0|0|0|0|0|0|0|0|0|0|0|0|0|0|0
K|0|0|0|0|0|0|0|0|0|0.984496124031|1.0|1.0|0|0|0|0|0|0.989130434783|0|0|0|0|0|0|0|0|0|0|0|0|0|0|0|0|0|0|0|0|0|0|0|0|0|0|0|0|0|0
Colleen|0|0|0|0|0|0|0|0|0|1.0|0|0|0|0|0|1.0|0|0|0|0|0|0|1.0|0|0|0|0|0|0|0|0|0|0|0|0|0|0|0|0|0|0|0|0|0|0|0|0|0
Customer Advocate|0|0|0|0|0|0|0|1.0|0|0|1.0|0|0|1.0|0|0|0|0|0|0|0|0|0|0|0|0|0|0|0|0|0|0|0|0|0|0|0|0|0|0|0|0|0|0|0|0|0|0
Robert Macdonald|0|0|0|0|0|1.0|0|0|1.0|0|0|0|1.0|0|0|0|0|0|0|0|0|0|0|0|0|0|0|0|0|0|0|0|0|0|0|0|0|0|0|0|0|0|0|0|0|0|0|0
Kelly|0|0|0|0|0|0|1.0|0|0|0.980198019802|1.0|0|0|0|0|0|0|0|0|0|0|0|0|1.0|0|0|0|0|0|0|0|0|0|0|0|0|0|0|0|0|0|0|0|0|0|0|0|0
Lisa|0|0|0|0|0|1.0|0|0|0|0|0|0|0|0|0|1.0|0|0|1.0|0|0|0|0.931034482759|0|0|0|0|0|0|0|1.0|0|1.0|1.0|0|0|0|1.0|0|0|0|0|0|0|0|0|0|0
Frequent Amazon buyer|0|0|0|1.0|0|0|0|0|0|0|1.0|0|0|1.0|0|0|1.0|0|0|0|0|0|0|1.0|0|0|0|0|0|0|0|0|0|0|0|0|0|0|0|0|0|0|0|0|0|0|0|0
sunday movie watcher|0|0|0|0|0|0|0|1.0|0|1.0|1.0|0|0|0|0|0|0|0|0|0|0|0|0|0|0|0|1.0|0|0|0|0|0|0|0|0|0|0|0|0|0|0|0|0|0|0|0|0|0
humanartistvendingmachine|0|0.979057591623|0|0|0|0|0|0|0.991596638655|0|0|0|0|0|0|0|0|0|0|0|0|1.0|0|0|0|0|0|0|0|0|0|0.980582524272|0|0|0|0|0|0|0|0|0|0|0|0|0|0|0|0
patti l perce|0|0|0|1.0|0|0.818181818182|0|0|0|0|0|0|0|0|0|0|0|0|0|0.882352941176|0|0|0|0|0|0|0|0|0|0|0|0|0|0|0|0|0|0|0|0|0|0|0|0|0|0|0|0
Jacki|0|0|0|0|0|1.0|0|1.0|0|1.0|0|0|0|0|0|0|0|0|0|0|0|0|0|0|0|0|0|0|0|0|0|0|0|0|0|0|0|0|0|0|0|0|0|0|0|0|0|0
Justin|0.931034482759|1.0|0|0|0|0|0.97619047619|0|0|0|0|0|0|1.0|0|0|0|0|0|0.967741935484|0|0|0|0|0|0|0|0|0|0|0|0|0|0|0|0|0|0|0|0|0|0|0|0|0|0|0|0
Lt. Frank Bullitt|0|0|0|0.992537313433|0|0|0|0|0|0.990147783251|0|0|0|0|0|0|0|0|0|0|0|0.984790874525|0|0|0|0|0|0|0|0|0|0|0|0|0|0|0|0|0|0|0|0|0|0|0|0|0|0
Zalmorion the Fantastic|0|0.989304812834|0|0|0|0|0|0.989847715736|0|0|0|0|0|0|0|0|0|0.995348837209|0|0|0|0|0|0|0|0|1.0|0|0|0|0|0|0|0|0|0|0|0|0|0|0|0|0|0|0|0|0|0
Shawn Fisher|0|0|0|0|0|1.0|0|0|0|0|1.0|0|0|0|1.0|0|0|0|0|0|0|0|0|0|0|0|0|0|0|0|0|0|0|0|0|0|0|0|0|0|0|0|0|0|0|0|0|0
Brian B|0|0|0|0|0|0|0|0|0|0|1.0|0|1.0|0|0|0|0|0|0|0|0|1.0|0|0|0|0|0|0|0|0|0|0|0|0|0|0|0|0|0|0|0|0|0|0|0|0|0|0
Kim|0|0|0|0|0|0|1.0|0|0|0|0|0|1.0|0|0|1.0|0|0.777777777778|0|0|0|0|0|1.0|0|0|0|0|0|0|0|0|0|0|0|0|0.885714285714|0|0|0|0|0|0|0|0|0|0|0
TW Huey|0|0|1.0|0|0|1.0|0|0|1.0|0|0|1.0|0|0|0|0|0|0|0|0|0|0|0|0|0|0|0|0|0|0|0|0|0|0|0|0|0|0|0|0|0|0|0|0|0|0|0|0
BG Boyd|0|0|0|0|0.974683544304|0|0|1.0|0|0|0|0.989473684211|0|0|0.983606557377|0|0|0|0|0|0|0.95|0|0|0|0|0|0|0|0|0|0|0|0|0|0|0|0|0|0|0|0|0|0|0|0|0|0
thomas|0|0|1.0|0|0|0|0|0|0|0|0|0|0|0|0|0|0|0|0|0|0|0|0|1.0|0|0|1.0|0|0|0|0|0|0|0|0|0|0|0|0|0|0|0|0|0|0|0|0|0
Telecom Herk|1.0|0|0|0|0|1.0|0|0|1.0|0|0|0|0|0|0|0|0|0|0|0|0|0|0|0|0|0|0|0|0|0|0|0|0|0|0|0|0|0|0|0|0|0|0|0|0|0|0|0
Kathy|1.0|0|0|0|0|0|0|0|0|0|0|0|0|0|0|1.0|1.0|0|0|0|0|0|0|0|0|0|0|0|0|0|0|0|0|0|0|0|0|0|0|0|0|0|0|0|0|0|0|0
Patrick Flaherty|0|1.0|0|0|0|0|0|0|0|0|0|0|0|0|0|0|0|0|0|0|0|1.0|0|0|0|0|0|0|0|0|0|1.0|0|0|0|0|0|0|0|0|0|0|0|0|0|0|0|0
Karl Weaver|0.961476725522|0|0.971119133574|0|0.975283213182|0|0|0|0|0|0|0|0|0|0|0|0|0|0|0|0|0|0|0|0|0|0|0|0|0|0|0|0|0|0|0|0|0|0|0|0|0|0|0|0|0|0|0
Adonya|0|0|0|0.923076923077|0|0.957446808511|0|0|0|0|0|0|0|0|0|0|0|0|0|0|0|1.0|0|0|0|0|0|0|0|0|0|0|0|0|0|0|0|0|0|0|0|0|0|0|0|0|0|0
Terri|0|0|0|0|1.0|0|0|0|0|0|0|0|0.714285714286|1.0|1.0|0|0|0|0|0|0|1.0|0|0|0|0|0|0|0|0|0|0|0|0|0|0|0|0|0|0|0|0|0|0|0|0|0|0
Terry|1.0|0|0|0|0|0|1.0|0|0|0|0|0|0|0|0|0|0|1.0|0|0|0|0|0|0|0|0|0|0|0|0|0|0|0|1.0|0|0|0|0|0|0|0|0|0|0|0|0|0|0
GEL|0|0|0|0|1.0|0|0|0|0|0|1.0|0|0.945945945946|1.0|1.0|0|1.0|0|0|0|0|0|0|0|0|0|0|1.0|0|0|0|0.935483870968|0|1.0|1.0|0|1.0|0|0|0|0|0|0|0|0|0|0|0
Collin|1.0|0|0|0|0|0|0|1.0|0|0|0|0|0|0|0|0|0|0|0|0|0|0|0|0|0|1.0|0|0|0|0|0|0|0|0|0|0|0|0|0|0|0|0|0|0|0|0|0|0
Jesse Harris|0|0|0|0|0|0|1.0|0|0|0|0|1.0|0|0|1.0|0|0|0|0|1.0|0|0|0|0|0|0|0|0|0|0|0|0|0|0|0|0|0|0|0|0|0|0|0|0|0|0|0|0
A Time Traveler|0|0.991228070175|0.99203187251|0|0|0|0|0|0|0|0|0|0|0|0|0|0|0|0|0|0|0|0|0|0|0|0|0.933333333333|0|0|0|0|0|0|0|0|0|0|0|0|0|0|0|0|0|0|0|0
Katie K|0|0|0|0|0|0|0|0|1.0|0|0|0|0|0|0|0|0|0|0|0|0.993355481728|0|0|1.0|0|0|0|0|0|0|0|0|0|0|0|0|0|0|0|0|0|0|0|0|0|0|0|0
kathy|0|1.0|0|0|0|0|0|0|0|0|0|0|0|0|0|0|0|0|0|0|0|0|0|0|0|0|0|0|0|0|1.0|0|0|1.0|0|0|0|0|0|0|0|0|0|0|0|0|0|0
Rachel|0|0|0|0|0|0|1.0|0|0|0|0|0|0|0|0|0|0|0|0|1.0|0|0|1.0|0|0|0|0|0|0|0|0|0|0|0|0.955555555556|0|0|0|0|0|0|0|0|0|0|0|0|0
Angie|0.94495412844|0|0|0|0|1.0|0|0|0|0|0|0|0|0|0|0|0|1.0|0|0|0|0|0|0|0|0|1.0|0|0|0|0|0|0|0|0|0|0|0|0|0|0|0|0|0|0|0|0|0
Tony R.|0|0|0|0.985765124555|0|0|0|0|0|0|0|0|0|0|0|0|1.0|0|0|0|0|0|0|0|0|0|0|0|0|0|0|0|0.982142857143|0|0|0|0|0|0|0|0|0|0|0|0|0|0|0
sushil sontakke|0|0|1.0|0|0|0|0|0|0|0|0|0|0|0|0|0|0|0|0|0|0|0|0|0|1.0|0|0|0|0|0|0|0|1.0|0|0|0|0|0|0|0|0|0|0|0|0|0|0|0
Christopher|1.0|0|0|0|1.0|0|0|1.0|0|0|0|0|0|0|0.944444444444|0|0|0|0|0|0|0|0|0|0|0|0.945945945946|0|0|0|0|0|0|0|0|0|0|0|0|0|0|0|0|0|0|0|0|0
Harley|1.0|0|0|0|0|0|0|0|0|0|0|0|0|1.0|0|0|0|0|1.0|0|0|0|0|0|0|0|0|0|0|0|0|0|0|0|0|0|0|0|0|0|0|0|0|0|0|0|0|0
Bermeguy|0|0|0|0|0|0|0|0|1.0|0|0|0|0|1.0|0|0|0|0|1.0|0|0|0|0|0|0|0|0|0|0|0|0|1.0|0|1.0|0|0|0|0|0|0|0|0|0|0|0|0|0|0
T P|1.0|0|0|0|1.0|0|0|0|0|0|0|0|0|0|0|0|0|0|0|0|0|0|0|0|0|0|1.0|0|0|0|0|0|0|0|0|0|0|0|0|0|0|0|0|0|0|0|0|0
93Vet|0|0|0.973285841496|0|0|0|0|0.935860058309|0.983146067416|0|0|0|0|0|0|0|0|0|0|0|0|0|0|0|0|0|0|0|0|0|0|0|0|0|0|0|0|0|0|0|0|0|0|0|0|0|0|0
David|1.0|1.0|0.946666666667|0.965317919075|1.0|0.928571428571|0.975903614458|0|1.0|1.0|0|1.0|0|0|1.0|1.0|1.0|0|1.0|0|0|1.0|0|0|0|1.0|1.0|0|0|0|0|1.0|0|0|0|0|0|0|0|0|0|0|0|0|0|0|0|0
Bob|0.9375|0|0|1.0|1.0|0|1.0|0|0|0|0|0|1.0|0|0|0|0|0|0|0|0|0|1.0|0|0|0|0|0|0|0|0|0|0|0|0|0|0|0|0|1.0|0|0|0|0|0|0|0|0
Jimmy|1.0|0|0|0|0|1.0|0|0|0|0|0|0|0|0|0|0|1.0|0|0|0|0|0|1.0|0|0|0|0|0|0|0|0|0|0|0|0|0|0|0|0|0|0|0|0|0|0|0|0|0
Megan|0|0|0|0|0|0|1.0|0|0|0|1.0|0|0|0|0|0|0|0|0|0|0|0|0|0|0|0|0|0|1.0|0|0|0|0|0|0|0|0|0|0|0|0|0|0|0|0|0|0|0
Tombstone-X|0|0|0|0|0|0|0|0|0.966666666667|0|1.0|0|0|1.0|0|0|0|0|0|0|0|0.98275862069|0|0|0|0|0|0|0|0|0|0|0|0|0|0|0|0|0|0|0|0|0|0|0|0|0|0
Reviewer|0|0|1.0|0|0|0|0|1.0|0|0|0|0|0|0|0|1.0|0|0|0|0|0|0|0|0|0|0|0|0|0|0|0|0|0|0|0|0|0|0|0|0|0|0|0|0|0|0|0|1.0
Rick thomas|0|0|0|1.0|0|0|0|1.0|0|0|0|0|0|1.0|1.0|0|0|0|0|0|0|0|0|0|0|0|0|0|0|0|0|0|0|0|0|0|0|0|0|0|0|0|0|0|0|0|0|0
Linda|1.0|0|0|0|0|0.93984962406|0|0|0|0|0|0|0|0|1.0|1.0|0|0|0|0.938461538462|0|0|0|1.0|0|0|0|0|0|1.0|0|1.0|0|0|0|0|0|0|0|0|1.0|0|0|0|0|0|0|0
Max|0|0|0|0.964285714286|0|0|0|0|0|0|0|0|1.0|0|0|0|0|0|0|0|1.0|0|0|0|0|0|0|1.0|0|0|0|0|0|0|0|0|0|0|0|0|0|0|0|0|0|0|0|0
Jeffery S. Marsh|0|0|0|0|0|0|0|0|0|0|0|0|0|0|0|0|0|1.0|0|0|0|0|0|0|0|0|0|0|0|0|1.0|0|1.0|0|0|0|0|0|0|0|0|0|0|0|0|0|0|0
Scott|0|0|1.0|0|0|0|0|0|0.914634146341|1.0|0|0.983050847458|1.0|0.866666666667|0|0|1.0|1.0|0|0|0|0|0|0|0|0|0|1.0|0|0|0|0|1.0|0|0|0|0|0|0|0|0|0|0|0|0|0|0|0
Movie Nerd|0|0|0|0|0|0.976608187135|0|0.991666666667|0.993975903614|0|0|0.985865724382|0|0|0|0|0|0|0|0|0|0.987654320988|0|0|0|0|0.989247311828|0|0|0|0|0|0|0|0|0|0|0.973509933775|0|0|0|0|0|0|0|0|0|0
John IV|1.0|0.96|0|0|0.923076923077|0|0|0|0.944444444444|0|0|0|0.970149253731|0|0|0|1.0|0|0|0|0|1.0|1.0|0|0|0|0|0|0|0|0|0|0|0|0|0|0|0|0|0|0|0|0|0|0|0|0|0
Jared Lee|1.0|0|0|1.0|0|0|0|0|0|0|0|0|0|0|0|0|0|0|0|0|0|0|0|0|0|0|0|0|0|0|0|1.0|0|0|0|0|0|0|0|0|0|0|0|0|0|0|0|0
JWINK|0|0.993355481728|0|1.0|0.966480446927|0.991341991342|0|0|0.996323529412|1.0|0.993399339934|0.993920972644|0.969465648855|0|0|0|0|0|1.0|0|0.964912280702|1.0|0.96992481203|1.0|0.982062780269|0.98615916955|0.980295566502|1.0|0.989583333333|0.989189189189|0|1.0|0|0|0|0.972602739726|0.956140350877|1.0|0|0|0.981735159817|0.987577639752|0|0|1.0|0|0|0
Jennifer|1.0|0|0|0|0|0|1.0|0|0|0|0|0|0|0|0|0.925925925926|0|0|0|1.0|0|0|0|1.0|0|0|0|1.0|0|0|1.0|0|0|1.0|0|0|0|0|0|1.0|0|0|0|0|0|0|0|0
Noah M.|0|0|0|0|0|1.0|0|0|0|0|0|0|0|0|0|0|0|0|0|0|0|0|1.0|0|0|0|0|0|0|0|0|0|0|0|0|0|0|0|0|0|0|0|0.975|0|0|0|0|0
Nick|1.0|0|0|1.0|1.0|0|0|1.0|0|0|0|0|0|0|0|0|0|0|0|0|0|0|0|0|0|0|0|0|0|0|0|0|0|0|0|0|0|1.0|0|0|0|0|0|0|0|0|1.0|0
Wayne O Cameron Jr|0|0|0|0|0|0|0|0|1.0|0|0|0|0|0|0|0|1.0|0|0|0|0|0|0|0|0|0|1.0|0|0|0|0|0|0|0|0|0|0|0|0|0|0|0|0|0|0|0|0|0
Nicole|0|0|0|0|0|0|0|0|0|0|0|0|0|0|0|0|0|0|0|0.974440894569|0|0|1.0|0|0|1.0|0|0|0|0|0|0|0|0|1.0|0|0|0|1.0|0|0|0|0|0|0|0|0|0
Kris|0|0|0|0|0|0.982456140351|0|0|0|0|0|0|0|0|0|0|0|1.0|0|0|0|0|0|0|0|0|0|0|0|0|0|0|0|1.0|0|0|0|0|0|0|0|0|0|0|0|0|0|0
R C Anderson|0|0|0|1.0|0|1.0|0|0|0|0|0|0|0|0|0|0|0|0|0|0|0|0|0|0|0|0|0|0|0|1.0|0|0|0|0|0|0|0|0|0|0|0|0|0|0|0|0|0|0
mother superior|0|1.0|0|0|0|0|0|0|0.9|1.0|0|0|0|0|0|1.0|0|0|0|0|0|0|0|0|0|0|0|0|0|0|0|0|0|0|0|0|0|0|0|0|0|0|0|0|0|0|0|0
Phil Crescenzo|0|0.969696969697|0|0.968253968254|1.0|0|0|1.0|0|0|1.0|0|0|0|0|0|0|0|0|0|0|0|0|0|1.0|0|0|0|0|0|0|0|0|0|0|0|0|0|0|0|0|0|0|0|0|0|0|0
dan|0|0|0|0|0|0|0|1.0|0|0|0|0|0|0|0|0|0|0|0|0|0|1.0|0|0|0|0|0|0|0|0|0|0|0|0|0|0|0|0|0|0|0|0|0|1.0|0|0|0|0
matt|0|0|0.8|0|0|1.0|0|0|0.714285714286|0|0|0|0|0|0|0|0|0|0|0|0|0|0|0|0|0|0|0|0|0|0|0|1.0|0|0|0|0|0|0|0|0|0|0|0|0|0|0|0
amazon customer|0|0|0|1.0|0|0|0|0|0|0|1.0|0|0|0.6|0|0|0|0|0|0|0|0|0|0|0|0|0|0|0|0|0|0|0|0|0|0|0|0|0|0|0|0|0|0|0|0|0|0
Roman|0|0|0|0|0|0.959183673469|0|0|0|0|0|0|0|0|0|0|0|0|0|0|0|0|0|0|0|0|0|1.0|0|0|0|0|0|0|0|0.948717948718|0|0|0|0|0|0|0|0|0|0|0|0
J. Daniel Spratlin|0|0|0|1.0|0|0.967914438503|1.0|0|0.97385620915|0.969230769231|0|0|0.972413793103|0.964071856287|0|0|0|0|0.958904109589|0|0|0|0.988571428571|0|0|1.0|0|0|0|0|1.0|0|0|0.941176470588|0|0|0|0|0.953846153846|0|0|0|0.958904109589|0|1.0|0|0|0
Eilene|0|1.0|0|1.0|0|0|0|0|0|0|0|0|0|0|0|0|0|0|0|0|0|0|0|1.0|0|0|0|0|0|0|0|0|0|0|0|0|0|0|0|0|0|0|0|0|0|0|0|0
pattk77|0|0|0|1.0|0|0|0|0|0|0|0|0|0|0|0|0|0|0|0|0|0|0|0|0|0|0|0|0|0|0|0|1.0|0|1.0|0|0|0|0|0|0|0|0|0|0|0|0|0|0
Caleb|0|0|1.0|0|0|0|0|0|0|0|0|1.0|0|0|0|0|0|0|0|0|0|1.0|1.0|0|0|0|0|0|0|0|0|0|0|0|0|0|0|0|0|0|0|0|0|0|0|0|0|0
Donna Ross|0|0|0|1.0|0|1.0|0|0|0|1.0|0|0|0|0|0|0|0|0|0|0|0|0|0|0|0|0|0|0|0|0|0|0|0|0|0|0|0|0|0|0|0|0|0|0|0|0|0|0
Carolinboston|0|0.906103286385|0|0|0|0|0|0|0|0|0|0|0|0|0|0|0.970149253731|0|0|0|0|0|0|0|0|0|0|0|0|0|0|0|0|0|0|0|0|0|0|0|0.935483870968|0|0|0|0|0|0|0
Pam|0|0|0|0|0|0|0|0|0|0|1.0|0|0|0|0|1.0|0|0|0|0|0|0|0|0|1.0|0|0|0|0|0|0|0|0|0|0|0|0|0|0|0|0|0|0|0|0|0|0|0
Martin Clearman|1.0|0|0|0|0|0|1.0|0|0|0|0|0|0|0|0|0|0|0|0|0|0|0|0|0|0|0|0|0|0|0|0|0|0|0|0|0|0|0|0|0|0|1.0|0|0|0|0|0|0
Donald|1.0|0|0|0|0|0|1.0|0|0|0|0|0|0|0|0|0|1.0|0|0|0|0|0|1.0|0|0|0|0|0|0|0|0|0|0|0|0|0|0|0|0|0|0|0|0|0|0|0|0|0
Joyce|0|0|0|0|0|0|0|0|0|0|0|0|0|0|0|0|0|0|0|0|0|1.0|0|0|0|0|0|0|0|0|0|0|0|1.0|0|1.0|1.0|0|0|0|0|0|0|0|0|0|0|0
Security Professional|0|0|0|0|0|0|0|0|0|0|0|0|1.0|0|1.0|0|1.0|0|0|0|0|0|0|0|0|0|0|0|0|0|0|0|0|0|0|0|0|0|0|0|0|0|0|0|0|0|0|0
booklover|0|0|0|0|0|0|0|0|1.0|1.0|0|0|0|0|0|0|1.0|1.0|0|0|0|0|0|1.0|0|0|0|0|0|0|0|0|0|0|0|0|0|0|0|0|0|0|0|0|0|0|0|0
Jacob|1.0|1.0|0|0|0|0|0|0|0|0.980952380952|0|0|0|0|0|0|0|1.0|0|0|0|0|0|0|1.0|0|0|0|0|0|0|0|0|0|0|0|0|0|0|0|0|0|0|0|0|0|0|0
C. Nelson|0|0|0|0|0|0.666666666667|0|0|0|0|1.0|1.0|0|0|0.666666666667|0|0|0|0|0|0|0|0|0|0|0|0|0|0|0|0|0|0|0|0|0|0|0|0|0|0|0|0|0|0|0|0|0
wiredweird|0|0|0|1.0|0|0.979381443299|0|0|0|0|0|0.955223880597|0|0.978021978022|0|0|0|0.954198473282|0|0|0|1.0|0|0|0|0|0|0|0|0|0|0|0|0|0|0|0|0|0|0|0|0|0|0|0|0|0|0
AlchemystAZ|1.0|0|0|0|0|0|0|0|0|0|0|0|1.0|0|0|1.0|0|0|0|0|0|0|0|0|0|0|0|0|0|0|0|0|0|0|0|0|0|0|0|0|0|0|0|0|0|0|0|0
Aviator Mario|1.0|0|0|0|0|1.0|0|0|0|0|1.0|0|0|0|0|0|0|0|0|0|0|0|0|0|0|0|0|0|0|0|0|0|0|0|0|0|0|0|0|0|0|0|0|0|0|0|0|0
James Beswick|0|0|0|0|0|0|0|0.984251968504|0|0.982404692082|0|0|0|0|0|0|0|0.96837944664|0.95530726257|0|0|0|0|0|0|0|0|0|0|0|0|0|0|0|0|0|0|0|0|0|0|0|0|0|0|0|0|0
SOD|0|0|0|1.0|0|0|1.0|0|0|0|0|0|0|0|0|0|0|0|0|0|0|0|0|0|0|0|0|0|1.0|0|0|0|0|0|0|0|0|0|0|0|0|0|0|0|0|0|0|0
Jeremy Crandall|1.0|0|0|0|0|1.0|0|0|0|0|0|0|0|0|1.0|0|1.0|0|0|0|0|0|0|0|0|0|0|0|0|0|0|0|0|0|0|0|0|0|0|0|0|0|0|0|0|0|0|0
Mary King|0|0|0|0|0|1.0|0|0|0|0|0|0|0|0|0|0|0|0|1.0|0|0|0|0|0|0|0|0|0|0|0|0|0|0|0|0|0|1.0|0|0|0|0|0|0|0|0|0|0|0
FatChupacabras|0|0|0|1.0|1.0|0|0|0|0|0|0|1.0|0|0|0|0|0|0|0|0|0|0|0|0|0|0|0|0|0|0|0|0|0|0|0|0|0|0|0|0|0|0|0|0|0|0|0|0
Pen Name|1.0|0|0|0|0|1.0|1.0|0|0|0|1.0|0|1.0|0|1.0|0|0|0|0|0|0|0.941176470588|0|0.714285714286|0|0|0|1.0|0|0|0|0|0|0|0|0|1.0|0|0|0|0|0|0|0|0|0|0|0
Daniel K. Worden|0|0|0|0.95|0|1.0|0|0|1.0|0|1.0|0|0|0|0|0|0|0|0|0|0.975|0|0|0|0|0|0|0|0|0|0|0|0|0|0|0|0|0|0|0|0|0|0|0|0|0|0|0
Danny S.|0|0|0|0|0|0|0|0|0|0|0|0|0|0|0|0|0.975|0|0|0|0|0|0|0|0.963636363636|0|0|0|0|0|0|0|0|0|0|0|0|0|0|1.0|0|0.96|0|0|0|0|0|0
Mike|1.0|0|1.0|1.0|1.0|1.0|0|1.0|0|0|1.0|0|1.0|1.0|0|0|1.0|0|0|0|0|0|1.0|0|0|0|0|0|0|0|1.0|0|0|0|0|1.0|0|0|0|0|0|0|0|0|0|0|0|0
Lisa Garcia|0|0|0|0|0|0|0|0|0|0|1.0|0|1.0|0|0|0|0|0|0|0|0|0|0|0|0|0|0|0|1.0|0|0|0|0|0|0|0|0|0|0|0|0|0|0|0|0|0|0|0
Route66Review|0|0|0|0|0|0|0|0.985714285714|0|0|0|0|0|1.0|0|0|0|0|0|0|0|1.0|0|0|0|0|0|0|0|0|0|0|0|0|0|0|0|0|0|0|0|0|0|0|0|0|0|0
Alicia J.|0|0|0|0|0|0|0|0|0|1.0|0|0|0|1.0|0|0|0|0|0|1.0|0|0|0|0|0|0|0|0|0|0|0|0|0|0|0|0|0|0|0|0|0|0|0|0|0|0|0|0
Deb|1.0|0|0|0|0|0|0|0|0|1.0|0|0|0|1.0|0|1.0|0|0|0|0|0|0|0|0|0|0|0|0|0|0|0|0|0|0|0|0|0|0|0|0|0|0|0|0|0|0|0|0
Dee|0|0|0|0|0.960784313725|0|1.0|0|0|0|0.925925925926|1.0|0|0|0|0|0|0|0|0|0|0|0|0|0|0|0|0|0|0|0|0|0|0|0|0|0|0|0|0|0|0|0|0|0|0|0|0
j|0|0|0|0|0|0|0|0|1.0|0|0|0|1.0|0|0|1.0|0|0|0|0|0|0|0|0|0|0|0|0|0|0|0|0|1.0|0|0|0|0|0|0|0|0|0|0|0|0|0|0|0
April|1.0|0|0|0|0|0|0|0|0|0|0|0|0|0|0|0|0|0|0|0|0|0|0|1.0|0|0|0|0|0|0|0|0|0|0|0|1.0|0|0|0|0|0|0|0|0|0|0|0|0
Rescue Dog Fan|0|0|0|0|0|0|1.0|0|1.0|0|0|0|0|0|0|0|0|0|0|0|0|0|0|0|0|0|0|0|0|0.95|0|0|0|0|0|0|0|0|0|0|0|0|0|0|0|0|0|0
Leah|0|0|0|0|0|0|0|0|0|1.0|0|0|0|0|0|0|0|0|0|0|0|0|0.969230769231|0|0|0|0|0|0|0|0|0|0|0|0|0|0|0|0|0|1.0|0|0|0|0|0|0|0
Canadian Gypsy|0|0|0|0|0.969696969697|0|0|0|0|0|0|0|0|0|0|0.953757225434|0|0|0|0|0|0.924050632911|0|0|0|0|0|0|0|0|0|0|0|0|0|0|0|0|0|0|0|0|0|0|0|0|0|0
Henry|0|0|0|0|0.995391705069|0|0|0.857142857143|0|0|0|0|0|1.0|0|0|0|0|0|0|0|0|0|0|0|0|0|0|0|0|0|0|0|0|0|0|0|0|0|0|0|0|0|0|0|0|0|0
Sweet Spirit|0|0|0|0.960784313725|1.0|0|0|1.0|0|0|1.0|0|0|0|0|1.0|0|0|0|0|0|0|0|0|0|0|0|0|0|0|0|0|0|0|0|0|0|0|0|0|0|0|0|0|0|0|0|0
PUMPsix|0|0|1.0|0|0|0|0|0|0|0|0|0|0|0|0|0|0|0|0|0|0|1.0|0|0|0|0|1.0|0|0|0|0|0|0|0|0|0|0|0|0|0|0|0|0|0|0|0|0|0
Fromdefo1|0|0|0|0|1.0|0|0|0|0|0|0|0|0|1.0|0|0|0|0|0|0|0|0|0|0|0|0|0|0|0|0|1.0|0|0|0|0|0|0|0|0|0|0|0|0|0|0|0|0|0
Tdkadletz|0|1.0|0|0|0|1.0|0|0|1.0|0|0|1.0|1.0|0|0|0|0|0|0|0|0|0|0|0|0|0|0|0|0|0|0|0|0|0|0|0|0|0|0|0|0|0|0|0|0|0|0|0
mj|0|0|0|1.0|0|0|0|0|0|1.0|0|0|0|0|0|0|0|0|0.5|0|0|0|1.0|0|0|0|0|0|0|0|0|0|0|0|0|0|0|0|0|0|0|0|0|0|0|0|0|0
Jerry|0|0|1.0|0|0|0|0|0|0|0|0|0.979381443299|0|0|0|0|0|0|0|0|0|0|1.0|0|0|0|0|0|0|0|0|0|0|0|0|0|0|0|0|0|0|0|0|0|0|0|0|0
Lori|0|0|0|0|0|0|0|0|0|1.0|0|0|0|0|0|0|0|0|0|0|0.976958525346|0|0|0|0|0|0|0|0|0|0|0.982608695652|0|0|0|0|0|0|0|0|0|0|0|0|0|0|0|0
ThunderHawk|0|0|0|0|0|0|0|0|0.983673469388|0.955156950673|0|0.973509933775|0|0|0|0|0|0|0|0|0|0|0|0|0|0|0|0|0|0|0|0|0|0|0|0|0|0|0|0|0|0|0.987341772152|0|0|0|0|0
danny|1.0|0|0|0|0|0|1.0|0|0|0|0|0|1.0|0|0|0|0|0|0|0|0|0|0|0|0|0|0|0|0|0|0|0|0|0|0|1.0|0|0|0|0|0|0|0|0|0|0|0|0
Dory|0|0.978947368421|0|0|0|1.0|0|0|0|0|0|0|0|0|0|0|0|1.0|0|0|0|0|0|0|0|1.0|0|0|0|0|0|0|0|0|0|0|0|0|0|0|0|0|0|0|0|0|0|0
Anon|0|0|0.985185185185|0|0|0|0|0|0|0.981481481481|0|0|0|0|0|0|0|0|0|0|0|0|1.0|0|0|0|0|0|0|0|0|0|0|0|0|0|0|0|0|0|0|0|0|0|0|0|0|0
alex|1.0|0|0|0|1.0|0|0|0|0|0|0|0|1.0|0|0|0|0|0|0|0|0|0|0|0|0|0|0|0|0|0|0|0|0|0|0|0|0|0|0|0|0|0|0|0|0|0|0|0
Derek|0|0|0|0|1.0|0|0|1.0|1.0|0|0|0|0|0|0|0|0.6|0|0|0|0|0|1.0|0|0|0|0|0|0|0|0|0|0|0|0|0|0|0|0|0|0|0|0|0|0|0|0|0
William|1.0|0|0.924528301887|1.0|0|1.0|1.0|0.953488372093|1.0|0|1.0|1.0|0|0|1.0|0|1.0|0|0|0|0|0|0|0|0|0|0|0|0|0|0|0|0|0|0|0|0|0|0|0|0|0|0|0|0|0|0|0
J. Galt|0|0|0|0|0|0|1.0|0|0|1.0|0|0|0|0.913043478261|0|0|0|0|0|0|0|0|0|0|0|0|0|0|0|0|0|0|0|0|0|0|0|0|0|0|0|0|0|0|0|0|0|0
Lawrence Jones|0|1.0|0|1.0|0|0|0|0|0|0|0|0|0|0|0|0|0|0|0|0|0|0|0|0|0|0|0|0|0|0|0|0|0|0|1.0|0|0|0|0|0|0|0|0|0|0|0|0|0
Dustin|1.0|0|0|0|0|0|0|0|0|0|1.0|0|0|0|0|0|0|0|0|0|0|0|0|0|0|0|0|1.0|0|0|0|0|0|0|0|0|0|0|0|0|0|0|0|0|0|0|0|0
Joni Rose Aro|1.0|0|0|0|1.0|0|0|0|0|0|0|0|0|0|0|0|0|0|0|0|1.0|0|0|0|0|0|0|0|0|0|0|0|0|0|0|0|0|0|0|0|0|0|0|0|0|0|0|0
Sarah|1.0|1.0|0|0|1.0|0|0|0|0|0|0|0.925925925926|0|0|0|0|0|1.0|1.0|0|0|1.0|1.0|0|0|0.785714285714|0|0|0|0|0|0|0|0|0|0|0|1.0|0|0|0|0|0|0|0|0|0|0
Einsatz|0|0|0|0.954128440367|0|0|0|0|0|0|0|0|0|0|0|0|0|0|1.0|0|0|0|1.0|0|0|0|0|0|0|0|0|0|0|0|0|0|0|0|0|0|0|0|0.982608695652|0|0|0|0|0
Glen|1.0|0|0|0|0|0|0|0|0.987301587302|0|0|0|1.0|0|0|0|0|0|0|0|0|0|0|0|0|0|0|0|0|0|0|0|0|0|0|0|0|0|0|0|0|0|0|0|0|0|0|0
Karen|0|0|0|0|0|0|0|0|0|0|0|0|1.0|0|0|0|0|0|0|0|0|0|0|0|0|0|0|0|0|0|0|0|0|0|0|0|0|0|0.9|0|0|1.0|0|0|0|0|0|0
Frank F.|0|0|0|0|0|0|0|0|0|0|0|1.0|0|0|1.0|0|1.0|0|0|0|0|0|0|0|0|0|1.0|0|0|0|0|0|0|0|0|0|0|0|0|0|0|0|0|0|0|0|0|0
Sandman|0|0|0|1.0|0|1.0|0|0|0|0|0|1.0|0|0|0|0|0|0|0|0|0|0|0|1.0|0|0|0|0|0|0|0|0|0|0|0|0|0|0|0|0|0|0|0|0|0|0|0|0
AdamB|0|1.0|0|1.0|0|0|0|0|0|0|0|0|0|0|0|0|0|0|0|0|0|0|0|0|0|0|1.0|0|0|0|0|0|0|0|0|0|0|0|0|0|0|0|0|0|0|0|0|0
tj christy|0|0|0|0|0|1.0|0|0|1.0|0|0|0|0|0|0|0|0|0|0|0|0|1.0|0|0|0|0|1.0|0|0|0|0|0|1.0|0|0|0|0|0|0|0|1.0|0|0|0|0|0|0|0
Trevor's View on Hollywood|0|0.985632183908|0.982002249719|0.957203994294|0|0.96711509716|0|0.983922829582|0.977386934673|0|0|0.975240715268|0.972045743329|0|0|0|0|0|0.975609756098|0|0|0|0.98389261745|0|0|0|0.977914110429|0|0|0.991044776119|0|0|0|0|0|0|0|0|0|0|0|0|0|0.98347107438|0|0|0|0
JB Caring Customer|0|0|0|1.0|1.0|0|1.0|0|0|0|0|0|0|0|0|0|0|0|0|0|0|0|1.0|0|0|0|0|0|0|0|0|0|0|0|0|0|0|0|0|0|0|0|0|0|0|0|0|0
snowman|0|1.0|1.0|0|0|0.975308641975|0|0|0|0|0|0|0|0|0|0|0|0|0|0|0|0|0|0|0|0|0|0|0|0|0|0|0|0|0|0|0|0|0|0|0|0|0|0|0|0|0|0
CCOLA|0|0|0|0|0|1.0|0|0|0|0|0|0|0|0|0|0|0|0|1.0|0|0|0|0|0|0|0|0|0|0|0|0|0|0|0|0|1.0|0|0|0|0|0|0|0|0|0|0|0|0
D|0.957446808511|0|0|1.0|1.0|0|0|0|0|0|1.0|0|0|0|0.955555555556|0|0|0.986206896552|0|0|0|0|0|0|0|0|0|0|0|0|0|0|0|0|0|0|0|0|0|0|0|0|0|0|0|0|0|0
James|1.0|0|1.0|0.878787878788|0|0|0|0|0|0|0|0|1.0|1.0|0|0|0|0|0|0|0|0|0|0|0|0|0|0|0|0.985185185185|0|0|0|0|0|0|0|0|0|0|0|0|0|0|0|0|0|0
Kweebia|0|1.0|0|1.0|0|0|0|0|0|0|0|0|0|0|0|0|1.0|0|0|0|0|1.0|1.0|0|0|0|0|0|0|0|0|0|0|0|0|0|0|0|0|0|0|0|0|0|0|0|0|0
Dwayne|0|0|0|1.0|0|0|1.0|0|0|0|0|0|0|0|0|0|1.0|0|1.0|0|0|0|1.0|1.0|0|0|0|0|0|0|0|0|0|0|0|0|0|0|0|0|0|0|1.0|0|0|0|0|0
Dave|1.0|0|0.970802919708|0|1.0|0|1.0|1.0|0|0|0|1.0|0|0|0|0|0|0|0|0|0|0|0|0|0|0|0|0|0|1.0|0|0|1.0|0|0|0|0|0|0|0|0|0|0|0|0|0|0|0
Chris|1.0|0.96|0.981735159817|0.927272727273|0|0.923076923077|1.0|1.0|0.975308641975|1.0|1.0|0|1.0|1.0|1.0|0|1.0|0|1.0|0|0|1.0|1.0|0|0|1.0|1.0|0|0|1.0|0|0|0|1.0|0|0|0|0|0|0|1.0|0|0|0|0|0|0|0
Melissa|1.0|1.0|0|0|0|0|0|0|0|0|1.0|0|0|1.0|0|0|0|0|0|1.0|0|0|0|0|0|0|0|0|0|0|0|0|0|1.0|0|0|0|0|0|0|0|0|0|0|0|0|0|0
no|0|0|0|0|0|0|0.964285714286|0|1.0|0|0|0|0|0|0|0|0|0|0|0|0|0.8|0|0|0|0|0|0|0|0|0|0|0|0|0|0|0|0|0|0|0|0|0|0|0|0|0|0
T. Travis|0|1.0|0|0|0|0|0|0|0|0|0|0|1.0|0.928571428571|0|0|0|0|0|0|0|0|0|0|0|0|0|0|0|0|0|0|0|0|0|0|0|0|0|0|0|0|0|0|0|0|0|0
tim|0|0|1.0|0|0|0|0|0|0|0|0|0|0|0|0|0|0|0|1.0|0|0|0|0|0|0|0|0|0|0|0|0|1.0|0|0|0|0|0|0|0|0|0|0|0|0|0|0|0|0
Mr.Len|0|0|0|0|0|1.0|0|0|1.0|0|1.0|0|0|0|0|0|0|0|0|0|0|0|0|0|0|0|0|0|0|0|0|0|0|0|0|0|0|0|0|0|0|0|0|0|0|0|0|0
Emily|1.0|0|0.952941176471|1.0|1.0|0|0|0|0|1.0|0|0|0|0|0|0|0|0|0|0|0|0|0|0.976744186047|0|0|0|0|0|0|0|0|0|0|0|0|0|0|0|0|0|0|0|0|0|0|0|0
ron|0|0|0|1.0|0|0|0|1.0|0|0|0|0|0|0|0|0|0|1.0|0|0|0|0|0|0|0|0|0|0|0|0|0|0|0|0|0|0|0|0|0|0|0|1.0|0|0|0|0|0|0
rob|0|0|0|0|0|0|0|0.934426229508|1.0|0|0|0.981308411215|0|0|0|0|0|0|0|0|0|0|0|0|0|0|0|0|0|0|0|0|0|0|0|0|0|0|0|0|0|0|0|0|0|0|0|0
1942|0|0|0|0|0|1.0|0|0|1.0|0|0|0|0|0|0|0|0|0|0|0|0|1.0|0|0|0|0|0|0|0|0|0|0|0|0|0|0|0|0|0|0|0|0|0|0|0|0|0|0
Dan|1.0|1.0|1.0|0.798994974874|1.0|0.931034482759|1.0|0|1.0|0|0|0|1.0|0|0|0|0|0|0|0|0|0|0|0|0|0|1.0|0|0|0|0|0|0|0|0|0|0|0|0|0|0|0|0|0|0|0|0|0
Jane|0|0|0|1.0|0|0|0|0|1.0|1.0|0.75|0|0|1.0|0|0|0|0|0|0|0|0|0|1.0|0|0|0|0|0|0|0|0|0|0|0|0|0|0|0|0|0|0|0|0|0|0|0|0
Christopher Schwinger|0|0.979797979798|0.973182780522|0.992248062016|0|0|0|0|0.982905982906|0|0|0|0.989873417722|0|0|0.98249452954|0|0.991718426501|0.983157894737|0|0|0|1.0|0.957816377171|0|0|0|0|0|0|0.971685971686|0.995238095238|0|0|0|0|0|0|0|0|0|0|0|0.987546699875|0|0|0|0
Amanda|0|0|1.0|0|0|0.941176470588|1.0|0|0|0|1.0|1.0|0|1.0|0|0|0|0|0|1.0|0|1.0|1.0|0|0|0|0|0|0|0|0|0|0|0|1.0|1.0|0|0|0|0|0|0|0|0|0|0|0|0
Vicki L Dull|0|0|0|0|0|0|0|0|0|0|0|0|0|0|0|0|1.0|0|0|0|1.0|0|0|0|1.0|0|0|0|0|0|0|0|0|0|0|0|0|1.0|0|0|0|0|0|0|0|0|0|0
awakefie|0|0|0|0|0|1.0|0|0|0|0|0|0|0|0|0|0|1.0|0|0|0|0|0.958333333333|0|0|0|0|0|0|0|0|0|0|0|0|0|0|0|0|0|0|0|0|0|0|0|0|0|0
Wicingas|0|1.0|0|0|0|0|0.983870967742|0|0|0|0|0|0|0|0|0|0|0|0|0|0|0|0|0|0|0|0|0|0|0|0|0|0|0|0|0|0|0|1.0|0|0|0|0|0|0|0|0|0
Turtle the Wise|0|0|0|0|1.0|0|0|0|0|0|1.0|0.960264900662|0|0|0|0|0|0.976744186047|0|0|0|0|0|0|0|0|0|0|0|0|0|0|0|0|0|0|0|0|0|0|0|0|0|0|0|0|0|0
BR IMAGING|0|0|1.0|1.0|0|0|0|0|1.0|0|0|1.0|0|0|0.870967741935|0|0|0|0|0|0|1.0|0|0|0|0|0|0|0|0|0|0|0|0|0|0|0|0|0|0|0|0|0|0|0|0|0|0
suzietoo|0|0|0|0.953488372093|0|0|0|1.0|1.0|0|1.0|0|0|0|0|0|0|0|0|0|0|0|0|0|0|0|0|0|0|0|0|0|0|0|0|0|0|0|0|0|0|0|0|0|0|0|0|0
M. Miller|0|0|0|0|0|0.979797979798|0|0|0|0|0|0|0|0|0|0|0|0|0|0|0|0|0|0|0|0|1.0|0|0|0|0|1.0|0|0|0|0|0|0|0|0|0|0|0|0|0|0|0|0
Cable|0|0|0|0|0|0|0|0|0.983935742972|0|0|0|0|0|0.96384180791|0|0.982860203535|0|0|0|0|0|0|0|0|0|0|0|0|0|0|0|0|0|0|0|0|0|0|0|0|0|0|0|0|0|0|0
frank m|0|0|0|0|0|0|0|0|0|0|0|1.0|0|0|0|0|1.0|0|0|0|0|0|0|0|1.0|0|0|0|0|0|0|0|0|0|0|0|0|0|0|0|0|0|0|0|0|0|0|0
Michael J. Tresca|0|0|0.971563981043|0|0.968586387435|0.965517241379|0|0|0|0|0|0|0|0|0|0|0|0|0|0|0|0|0.946308724832|0|0|0|0|0|0|0|0.956164383562|0|0|0|0|0|0|0|0|0|0|0|0|0|0|0|0|0
CRISPY|0|1.0|0|1.0|1.0|0|0|1.0|0|0|0|0|0|0|0|0|0|0|0|0|0|0.923076923077|0|0|0|0|0|0|0|0|1.0|0|0|0|0|0|0|0|0|0|0|0|0|0|0|0|0|0
Whitt Patrick Pond|0|0|0|0|0|0.944444444444|0.987138263666|0|0|0|0|0|0|0|0|0|0|0|0|0|0|0.974522292994|0|0|0|0|0|0|0|0|0|0|0|0|0|0|0|0|0|0|0|0|0|0|0|0|0|0
Denise|0.941176470588|0|0|0|1.0|0|0|0|0|0|0|0|0|0|0|0|0|0|0|1.0|0|0|0|0|0|0|0|0|0|0|0|0|0|0|0|0|0|0|0|0|0|0|0|0|0|0|0|0
Alucard|0|0|0|0.980392156863|0|0|0|0.975903614458|0|0|0|0|0|0|0|0|0|0.974193548387|0|0|0|0|0|0|0|0|0|0|0|0|0|0|0|0|0|0|0|0|0|0|0|0|0|0|0|0|0|0
Cheech|0.961019490255|0.963636363636|0|0|0|0|0|0|0|0|0|0.954198473282|0|0|0|0|0|0|0|0|0|1.0|0|0|0|0|0|0|0|0|0|0|0|0|0|0|0|0|0|0|0|0|0|0|0|0|0|0
Jon Snow|0|1.0|0.959731543624|0|0.974358974359|0|0|0|0|0|0|0|0|0|0|0|0|0|0|0|0|0|0|0|0|0|0|0|0|0|0|0|0|0|0|0|0|0|0|0|0|0|0|0|0|0|0|0
Retired TX Engineer|0|1.0|0|0|1.0|0|0|0|0|0|0|0|0|0|0|0|0|0|0|0|0|0|0|0|0|0|0|0|0|1.0|0|0|0|0|0|0|0|0|0|0|0|0|0|0|0|0|0|0
Just My Opinion|0|1.0|0|1.0|0|0|0|0|0|0|1.0|1.0|1.0|1.0|1.0|0|0|0|0|0|0|0|0|0|0|0|0|0|0|0|0|0|0|0|0|0|0|0|0|0|0|0|0|0|0|0|0|0
Phil|0|0|0|0|0|0|0|0.977653631285|1.0|0|0|0|0|0|0|0|0|0|0|0|0|1.0|1.0|0|0|0|0|0|0|0|0|0|0|0|0|0|0|0|0|0|0|0|0|0|0|0|0|0
Barbara|0|0|0|1.0|0|0|0|0|0|0|0|0|0|0|0|0|1.0|0|0|0|0|0|1.0|0|0|0.974683544304|0|0|0|0|0|0|0|0|0|0|0|0|0|0|0|0|0|0|0|0|0|0
Silver|0|0|0|0|0|0|0|0.960784313725|0|0|0|0|0|0|0|0|0|0|0|0|0|1.0|0|1.0|0|0|0|0|0|0|0|0|0|0|0|0|1.0|0|0|0|0.956043956044|0|0|0|0|0|0|0
brittany|1.0|0|0|0|0|0|0|0|0|0|0|0|0|0|0|0|0|0|0|0|0|0|0|0|0|0|0|0|0|0|0|1.0|0|1.0|0|0|0|0|0|0|0|0|0|0|0|0|0|0
Jamie|0|0|0|0|1.0|0|0|0|1.0|0|1.0|0|0|0|0|1.0|0|0|0.952380952381|0|0|0|0|0|0|0|0|0|0|0|0|0|0|0|0|0|0|0|0|0|0|0|0|0|0|0|0|0
Errol|0|1.0|0|0|1.0|0|0|0|1.0|0|0|0|0|0|0|0|0|0|0|0|0|0|0|0|0|0|0|0|0|0|0|0|0|0|0|0|0|0|0|0|0|0|0|0|0|0|0|0
M. Gordon|0|0|0|0|0|0|0|1.0|0|0|0|0|0|0|0|0|0|0|0|0|1.0|0|0|0|0|0|0|0|0|0|1.0|0|0|0|0|0|0|0|0|1.0|0|0|0|0|0|0|0|0
pack8712|0|0|0|1.0|0|0|0|0|0|0|0|0|1.0|1.0|0|0|0|0|0|0|0|0|0|0|0|0|0|0|0|0|0|0|0|0|0|0|0|0|0|0|0|0|0|0|0|0|0|0
jessica Kay|0|0|0|0.888888888889|0|0|0|0|0|0|0|0|0|0|0|1.0|0|0|0|0|0|0|0|1.0|0|0|0|0|0|0|0|0|0|0|0|0|0|0|0|0|0|0|0|0|0|0|0|0
Georgio Alfani|0|1.0|0.994252873563|0|0|0|0|0|0|0|0|0|0|0|0|0|0|1.0|0|0|0|0|0|0|0|0|0|0|0|0|0|0|0|0|0|0|0|0|0|0|0|0|0|0|0|0|0|0
ckennedy|0|0|0|0|1.0|0|0|0|0|0|0|0|0|0|0|0|0|0|0|0|0|0|0|0|0|0|0|0|0|0|0|0|1.0|0|0|0|0|1.0|0|0|0|0|0|0|0|0|0|0
aaron|1.0|0|0.916666666667|1.0|0|0|0|0|0|0|0|0|0|0|0|0|0|0|0|0|0|0|0|0|0|0|0|0|0|0|0|0|0|0|0|0|0|0|0|0|0|0|0|0|0|0|0|0
GIA|0|0|0|0|0.875|0|0|0|0|1.0|0|0|0|0|0|0|0|0|0|0|0|0|0|0|0|0|0|0|1.0|0|0|0|0|0|0|0|0|0|1.0|0|0|0|0|0|0|0|0|0
Joshua|0|0|1.0|0.974789915966|0|1.0|0|0|1.0|0|0|0|0|0|0|0|0|0|1.0|1.0|0|0|0|0|0|0|0|0|0|0|0|0|0|0|0|0|0|0|0|0|0|0|0|0|0|0|0|0
Bonnie|0|1.0|0|0|0|0|0|0|0.96|0|0|0|0.975308641975|0|0|0|0|0|0|0|0|0|0|0|0|0|0|0|0|0|0|0|0|1.0|0|0|0|0|0|0|0|0|0|0|0|0|0|0
James N Simpson|0|0.972826086957|0|0.991803278689|0|0|0|0|0|0|0|0|0|0.978021978022|0|0|0|0.971896955504|0.995271867612|0|0|0|0|0|0|0.989547038328|0|0.987421383648|0|0|0|0|0|0.98891966759|0|0|0|0|0|0|0|0.987546699875|0|0|0|0|0|0
Music & Book Fanatic|0|1.0|0|0|0|0|0|0|0|0|0|0|0|0|0|1.0|0|0|0|0|0|0|0|0|1.0|0|0|0|0|0|0|1.0|0|0|0|0|0|0|0|0|0|0|0|0|0|0|0|0
Russ|0|0|0|0|0|0|0|0|0|0|1.0|0|0|0|0|0|0|0|0|1.0|0|0|0|1.0|0|0|0|0|0|0|0|0|0|0|0|0|0|0|0|0|0|0|0|0|0|0|0|0
Nicole D.|0|0|0|0|0|0|0|0|0|1.0|0|0|0|0|0|0|0|1.0|0|0|0|0|0|1.0|0|0|0|0|0|0|0|0|0|0|0|0|0|0|0|0|0|0|0|0|0|0|0|0
Tom|1.0|0|1.0|0|0|0|0|0|0|0|0|0|1.0|0.9375|0|1.0|0|0|0|0|0|0|0|0|0|0|0|0|0|0|0|1.0|0|0|0|0|0|0|0|0|0|1.0|0|0|0|0|0|0
erick simpson|0|0.866666666667|1.0|0|1.0|1.0|0|0|0|0|0|0|0|0|0|0|1.0|0|0|0|0|0|0|0|1.0|0|1.0|0|0|0|0|0|0|0|0|0|0|0|0|0|0|0|0|0|0|0|0|0
Becky|1.0|0|0|0|0|0|0|0|0|0|0|0|0|0|0|0|0|0|0|0|0|0.925925925926|0|0|0|0|0|0|0.925925925926|0|0|0|0|0|0|0|0|0|0|0|0|0|0|0|0|0|0|0
mr. contrarian|0|0|0.976878612717|0|0.981818181818|0.952941176471|0.959459459459|0|0|0|0|0|1.0|0|0|0|0|1.0|0|0|0|0|0|0|0|0|0|0|0|0|0|0|0|0|0|0|0|0|0|0|0|0|0|0|0|0|0|0
Sean|0|1.0|1.0|1.0|1.0|1.0|0|1.0|1.0|0|0|0|1.0|1.0|1.0|1.0|0|0|0|0|0|0|0|0|0|0|0|0|0|0|1.0|0|0|0|0|0|0|0|0|0|0|0|0|0|0|0|0|0
Nikki|0|0|0|0|0|0|0|0|1.0|0|0|0|0|0|0|0|0|0|0|0|0|0|0|0|0|0|0|1.0|0|0|0|0|0|0|0|0|1.0|0|0|0|0|0|0|0|0|0|0|0
shop101|0|0|0|0|0|0|0|0|0|0|0|0|0|0|0|0|0|0|0|0|1.0|1.0|0|0|0|0|0|0|0|0|0|0|0.917808219178|0|0|0|0|0|0|0|0|0|0|0|0|0|0|0
Marcy|1.0|0|0|0|0|0|0|0|0|0|0|0|0|0|0|0|0|0|0|0|0|0|0|0|1.0|1.0|0|0|0|0|0|0|0|0|0|0|0|0|0|0|0|0|0|0|0|0|0|0
Marc; Real Human; Not A Robot!|0|0|0|1.0|0|1.0|0|0|0|0|0|0|0|0|0|0|0.981818181818|0|0|0|0|0|0|0|0|0|0|0|0|0|0|0|0|0|0|0|0|0|0|0|0|0|0|0|0|0|0|0
kevin reppert|0|0|0|0|1.0|0|0|0|0|0|0|0|0|0|0|0|0|0|0|0|0|0|0|0|0|0|0|0|0|1.0|0|0|1.0|0|0|0|0|0|0|0|0|0|0|0|0|0|0|0
Ray|1.0|0|0|1.0|0|0|0|0|0.975|0|0|0|0|0|1.0|0|0|0|1.0|0|0|1.0|0|1.0|0|0|0|0|0|0|0|0|0|0|0|0|0|0|0|0|0|0|1.0|0|0|0|0|0
Joseph|0|1.0|0|0|0.969230769231|0|1.0|0|0|0|0|0|0|0|0|0|0|0|0|0|0|0|0|0|0|1.0|0|0|0|0|0|0|0|0|0|0|0|0|0|0|0|0|0|0|0|0|0|0
Samuel|1.0|0|0|0|0|0|1.0|0|0|0|0|0|0|0|0|0|0|0|0|0|0|0|0|0|0|0|0|1.0|0|0|0|0|0|0|0|0|0|0|0|0|0|0|0|0|0|0|0|0
Mark Jensen|0|0|0|1.0|0|1.0|0|0|0|0|0|0|0|0|0|0|1.0|0|0|0|0|0|0|0|0|0|0|0|0|0|0|0|0|0|0|0|0|0|0|0|0|0|0|0|0|0|0|0
Jeff A|0|0|0|0|0|0|1.0|0|0|1.0|0|0|0|1.0|0|0|0|0|0|0|0|0|1.0|0|0|1.0|0|1.0|0|0|0|0|0|0|0|1.0|0|0|0|0|0|0|0|0|0|0|0|0
David Smerchek|0|0|0|1.0|0|0|0|1.0|0|0|0|0|0|0|0|0|0|0|1.0|0|0|0|0|0|0|0|0|0|0|0|0|0|0|0|0|0|0|0|0|0|0|0|0|0|0|0|0|0
Larry|1.0|0|0|0|0|0|0|0|0|0|0|0|1.0|0|0|0|0|0|0|0|0|0|0|0|0|0|0|0.894736842105|0|0.992509363296|0|0|0|0|0|0|0|1.0|0|0|0|0|0|0|0|0|0|0
mrjtg|1.0|0|0|1.0|0|0|0|0|0|0|0|0|0|0.714285714286|0|0|0|0|1.0|0|0|0|0|0|0|0|0|0|0|0|0|0|0|0|0|0|0|0|0|0|0|0|0|0|0|0|0|0
highlandhoh3|0|0|0|0|0.923076923077|0|0|0.0|0|0|0|0|0|0|0|0|0|0|0|0|0|0|0|0|0|0|1.0|0|0|0|0|0|0|0|0|0|0|0|0|0|0|0|0|0|0|0|0|0
E. Ochoa|0|0|0|0|0|0|0|1.0|0|0|0|0|0|0.923076923077|0|0|0|0|0|0|0|0|0|0|0|0|1.0|0|0|0|0|0|0|0|0|0|0|0|0|0|0|0|0|0|0|0|0|0
DCHagy|0|0|0|0|0|0|0|0|0|0|0|0|0|0|0|0|0|1.0|0|0|0|0|0|0|0|0|0|0|0|0|0|0|0|0|1.0|0|0|0|0.98|0.925925925926|0|0|0|0|0|0|0|0
Zoth Daskalos|0|0|0|0|0|0|0|0|0|0|0|0|0|0|0|0|0|0|0|0|0|1.0|0|0|0|0|0|0|0|0|0|1.0|0|0|0|0|0|0|0|0|0|0|1.0|0|0|0|0|0
JP|1.0|0|0|0|0|0|0|1.0|1.0|0|0|0|0.894736842105|0|0|0|1.0|0|0|0|0|0|0|0|0|0|1.0|0|0|0|0|0|0.962962962963|0|0|0|0|0|0|0|0|0|0|0|0|0|0|0
Dolores|0|0|0|1.0|0|0|0|0|0|0|0|0|0|0|1.0|0|0|0|1.0|0|0|0|0|0|0|0|0|0|0|0|0|0|0|0|0|0|0|0|0|0|0|0|0|0|0|0|0|0
JS|0.987179487179|0|0|0|0|0|0|0|0|0|0|0|0|0|0|0|0|0|0|0|1.0|0|1.0|0|0|0|0|0|0|0|0|0|1.0|0|0|0|0|0|0|0|0|0|0|0|0|0|0|0
Ron Baker|1.0|1.0|1.0|0|0|1.0|0|1.0|0|0|0|0|0|0|0|0|0.967213114754|0|0|0|0|0|0|0|0|0|0|0|0|0|0|0|0|0|0|0|0|0|0|0|0|0|0|0|0|0|0|0
JJ|0|0|0|0|1.0|0|1.0|0|0|0|1.0|0|0|0|1.0|0|0|0|0|0|1.0|1.0|0|0|1.0|0|0|0|0|1.0|0|0|0|0|0|0|0|0|0|0|0|0|0|0|0|0|0|0
JD|0.945945945946|0|0|0|0|0.981308411215|0|0|1.0|0|0|0|0|1.0|0|0|0|0.98773006135|0|0|0|0.96875|0|0|0|0|0|0|0|0|0|0|0|0|0|0|0|0|0|0|0|0|0|0|0|0|0|0
JF|0|0|0|1.0|0|0|0|0|0|0|0|1.0|0|0|0|0|0|0|1.0|0|0|0|0|0|0|0|1.0|0|0|0|0|0|0|0|0|0|0|0|0|0|0|0|0|0|0|0|0|0
JB|0|0|0.954022988506|0|0|0|0|0|0|0|0|0|0|0|0|0|0|0|0|0|0|0|0|0|0|0|0|0|0|0.967213114754|0|0|0|0|0|0|0.846153846154|0|0|0|0|0|0|0|0|0|0|0
JC|0|1.0|1.0|0|0|0.990909090909|0|0|1.0|0|1.0|0|1.0|0|1.0|0|0|0|0|0|0|0|0.98275862069|0|0|0|0|0|0|0|0|0|0|0|0|0|0|0|0|0|0|0|0|0|0|0|0|0
Jo|0|0|0|0|0|0|0|0|0.962962962963|0|0|0|0|0|1.0|0|1.0|0|0|0|0|0|0|0|1.0|0|0|0|0|0|0|0|0|0|0|0|0|0|0|0|0|0|0|0|0|0|0|0
Shannon|0|0|0|0|0|0|0.971428571429|1.0|1.0|0|0|0|0|1.0|1.0|0|0|0|0|0|0|0|0|1.0|0|0|0|0|0|0|0|0|0|0|0|0|0|0|0|0|0|0|0|0|0|0|0|0
Cynthia|0|1.0|0|0|0|0|0|0|0|0|0|0|0|0|0|0|0|0|0|0|0.942857142857|0|0|1.0|0|0|0|0|0|0|0|0|0|0|0|0|0|0|0|0|0|0|0|0|0|0|0|0
BullittFan|0|0|1.0|0|0|0|0|0|0|0|0|0|0|0|0.857142857143|0|0|0|0|0|1.0|0|0|0|0|0|0|0|0|0|0|0|0|0|0|0|0|0|0|0|0|0|0|0|0|0|0|0
Tim|1.0|1.0|0|0|1.0|0.979166666667|0|0|1.0|0|1.0|0|0.777777777778|0|0|1.0|0|0.966666666667|0|0.6|1.0|0|1.0|0|0|0|0|0|0|0|0|0|0|0|0|0|0|1.0|0|0|0|0|0|0|0|0|0|0
Danielle|1.0|1.0|0|0|0|0|0|0|0|0|0|0|0|0|0|0|1.0|0|0|0.961165048544|0|0|0|0|0|0|0|1.0|0|0|0|0|0|0|0|0|0|0|0|0|0|0|0|0|0|0|0|0
Carter|0|0|0|0|0|1.0|0|0.953846153846|1.0|0|0|1.0|0|0|0|0|1.0|0|0|0|0|1.0|0|0|0|0|0|0|0|0|0|0|0|0|0|0|0|0|0|0|0|0|0|0|0|0|0|0
Ron|1.0|1.0|0|1.0|0|0|0|0|1.0|0|0|0|0|0|0|0|0|0|0|0|1.0|0|0|0|0|0|0|0|0|0|0|1.0|0|0|0|0|0|0|0|0|0|0|0|0|0|0|0|0
Rob|1.0|0|0|0|1.0|0|0|0|1.0|0|0|0|0|0|0|0|0|0|0|0|0|0|0|0|0|0|0|0|0|0|0|0|0|0|0|0.969696969697|0|0|0|1.0|0|0|0|0|0|0|0|0
Joe Laskowsky|1.0|0|0|1.0|0|0|0|0|0|0|0|1.0|1.0|0|1.0|0|0|0|0|0|0|0|0|0|0|1.0|0|0|0|0|0|0|0|0|0|0|0|0|0|0|0|0|0|0|0|0|0|0
Anthony|0|0|0|0|0|0|0|0|0|0|0|0|1.0|0|0|0|0|0|0|0|0|0|1.0|0|0|0|0.975|0|0|0|0|0|0|0|0|0|0|0|1.0|0|0|0|0|0|0|0|0|0
Tammy|0|1.0|0|0|0|0|0|1.0|0|0|0|1.0|0|0|0|0|0|0|0|0|0|0|0|0|0|0|0|0|0|0|0|0|0|0|0|0|0|0|0|0|0|0|0|0|0|0|0|0
Bryan|0|1.0|0|0|0|0|1.0|0|0|0|0|1.0|0|0|0|0|0|0|0|0|0|0|0|0|0|0|0|0|0|0|0|0|0.913043478261|0|0|0|0|0|0|0|0|0|0|0|0|0|0|0
Marcella Goin|0|1.0|0|0|0|0|0|0|1.0|1.0|1.0|0|0|0|1.0|1.0|0|0|0|0|0|1.0|0|1.0|0|0|1.0|0|0|0|0|0|0|0|0|0|1.0|0|0|0|0|0|0|0|0|0|0|0
kamal|0|0|0|0|1.0|0|0|0|0|0|0|0|1.0|0|0|0|0|0|0|0|0|0|0|0|0|0|0|0|0|0|1.0|0|0|0|0|0|0|0|0|0|0|0|0|0|0|0|0|0
Mota|0|0|0|0|0.96|0|0|1.0|0|0|0|0|0|0|0|0|0|0|0|0|0|0|0|0|0|0|0|0|0|0|0|0|1.0|0|0|0|0|0|0|0|0|0|0|0|0|0|0|0
Boricua|0|0|0|1.0|0|0.928571428571|0|0|0|0|0|0|0|0|0|0|0|0|0|0|0|0|1.0|0|0|0|0|0|0|0|0|0|0|0|0|0|0|0|0|0|0|0|0|0|0|0|0|0
Mitchell A. Bass|0|0|0|0.913043478261|0|0|1.0|0|0|0|0|1.0|0|0|0|0|0|0|0|0|0|0|0|0|0|0|0|0|0|0|0|0|0|0|0|0|0|0|0|0|0|0|0|0|0|0|0|0
J C|0|0|0|0|0|0|0|1.0|1.0|1.0|0|0|0|0|0|0|0|0|0|0|0|0|0|1.0|0|0|0|0|1.0|0|0|0|0|0|0|0|0|0|0|0|0|0|0|0|0|0|0|0
PJS|0|0|0|0|0|0|0|0|0|0|0|0|1.0|0|1.0|0|0|0|0|0|0|1.0|0|0|0|0|1.0|0|0|0|0|0|0|0|0|0|0|0|0|0|0|0|0|0|0|0|0|0
Robert|1.0|0|0.95|0|0|0|1.0|0|1.0|0|0.942857142857|0|0|0|0|1.0|0|1.0|0|0|0|0|0|0|0|1.0|0|1.0|0|0|0|0|0|0|0|0|0|0|0|0|0|0|0|0|0|0|0|0
M. Berlin|0.964912280702|0|0|0|1.0|1.0|0|0|0|0|0|0|0|0|0|0|0|0|0|0|0|0|0|0|0|0|0|0|0|0|0|0|0|0|0|0|0|0|0|0|0|0|0|0|0|0|0|0
Herbert L. Anderson|0|0|0|0|0|0|0|0|0|0|0|1.0|0|1.0|0|0|1.0|0|0|0|0|0|0|0|0|0|0|0|0|0|0|0|0|0|0|0|0|0|0|0|0|0|0|0|0|0|0|0
joe stewart|0|0|0|0|0|0|1.0|0|0|1.0|1.0|0|0.969230769231|0|0|0|0|0|0|0|0|0|0|0|0|0|0|0|0|0|0|0|0|0|0|0|0|0|0|0|0|0|0|0|0|0|0|0
BookshireCrone|0|0|0|0|0|0|0|0|0.924528301887|0|0|0|0|0.945652173913|0|0|0|0|0.94495412844|0|0|0|0|0|0|0|0|0|0|0|0|0|0|0|0|0|0|0|0|0|0|0|0|0|0|0|0|0
PennWriter|0|0|0|0.979487179487|0|0.961538461538|0|0|0|0|0|0.985765124555|0|0.946308724832|0|0|0|0|0|0|0|0.983686786297|0|0|0|0|0|0|0|0|0|0|0|0|0|0|0|0|1.0|0|0|0|0|0|0|0|0|0
mntngrl|0|0|0|0|0|0|1.0|0|0|0|0|0|0|0|0|0|0|0|0|1.0|0|0|1.0|0|0|0|0|0|0|0|0|0|0|0|0|0|0|0|0|0|0|0|0|0|0|0|0|0
Michael Militello|0|0|0|0|0|0|0|0|0|0|0|0|1.0|1.0|0|1.0|0|0|0|0|0|0|0|0|0|0|0|0|0|0|0|0|0|0|0|0|0|0|0|0|0|0|0|0|0|0|0|0
Juan|0|0|0.961165048544|0|1.0|0|0|0|0|0|0|0|0|0|0|0|0|0|0|0|0|0|0|0|0|0|0|0|0|0|0|0|0|0|0|0|1.0|0|0|0|0|0|0|0|0|0|0|0
Ashley|0|0|1.0|0|0|0|0|0|0|0|0|0|0|0|1.0|0|0|0|1.0|0|0|0|0|0|0|0|0|0|0|0|0|0|0|0|0|0|0|0|0|0.926829268293|0.914893617021|0|0|0|0|0|0|0
Summer|1.0|0|0|0|0|0|0|0|0|0|0|0|1.0|0|1.0|1.0|0|0|0|0|0|0|0|0|0|0|0|0|0|0|0|0|0|0|0|0|0|0|0|0|0|0|0|0|0|0|0|0
joshua lindsey|0|0|0|0|0|1.0|0|0|0|0|0|0|0|0|0|0|1.0|0|0|0|0|0|1.0|0|0|0|0|0|0|0|0|0|0|0|0|1.0|0|0|0|0|1.0|0|0|0|0|0|0|0
m b|0|1.0|0|0|1.0|0|0|0|0|0|0|0|0|0|0|0|0|0|0|0|0|0|0|0|0|0|0|0|0|0|1.0|0|0|0|0|0|0|0|0|0|0|0|0|0|0|0|0|0
KC|0|0|0|1.0|0|0|0|0|0|0|0|0|0|0|0|0|0|0|0|0|0|0|0|0|0|0|0|0|0|0|0|0|0|0.966666666667|0|0|1.0|0|0|0|0|0|0|0|0|1.0|0|0
KB|1.0|0|0|0|0|0|0|0|1.0|0|0|0|0|0|0|0|0|0|0|0|0|0|0|1.0|0|0|0|0|0|0|0|0|0|0|0|0|0|0|0|0|0|0|0|0|0|0|0|0
KJ|0|1.0|0|1.0|0|0|0|0|0|0|0|0|0|0|0|0|0|0|1.0|0|0|0|0|0|0|0|0|0|0|0|0|0|0|0|0|0|0|0|0|0|0|0|0|0|0|0|0|0
KT|0|0|1.0|0|0|0|0|0|0|0|1.0|0|1.0|0|0|0|0|0|0|0|0|0|0|0|0|0|0|0|0|0|0|0|0|0|0|0|0|0|0|0|0|0|0|0|0|0|0|0
KY|0|0|0|0|0|0|0|0|0|1.0|0|0|0|1.0|0|0|0|0|0|0.923076923077|0|1.0|0|0|0|0|0|0|0|0|0|0|0|0|0|0|0|0|0|0|0|0|0|0|0|0|0|0
Peter|0|0.925925925926|0|0|1.0|0|1.0|0|0|0|1.0|0|0|0|0|0|0|0|0|0|0|0|0|0|0|0|0|0|0|0|0|0|0|0|0|0|0|0|0|0|0|0|0|1.0|1.0|0|0|0
Diego|0|1.0|1.0|0|0|0|0|1.0|0|0|0|0|0|0|0|0|0|0|0|0|0|0|0|0|0|0|0|0|0|0|0|0|0|0|0|0|0|0|0|0|0|0|0|0|0|0|0|0
Howie|0|0.875|0|0|0.9|0|0|0|0|0|0.918367346939|0|0|0|0|0|0|0|0|0|0|0|0|0|0|0|0.941176470588|0|0|0|0|0|0|0|0|0|0|0|0|0|0|0|0|0|0|0|0|0
Erma|0|0|0|0|0|0|0|0|0|0|0|0|0|0|0|0|0|0.952380952381|0|0|0|0|0|0|1.0|0|0|0|0|1.0|0|0|0|0|0|0|0|0|0|0|0|0|0|0|0|0|0|0
joy|1.0|0|0|1.0|0|0|1.0|0|0|0|0|0|0|0|0|0|1.0|0|0|0|0|0|0|0|0|0|0|0|0|0|0|0|0|0|0|0|0|0|0|0|0|0|0|0|0|0|0|0
Gary|0|0|1.0|1.0|0|0|0|0|0|0|0|1.0|0|0|0|0|0|0|0|0|0|0|0|0|1.0|1.0|0|0|0|0|0|0|0|0|1.0|0|0|0|1.0|0|0|0|0|0|0|0|0|0
Kris King|0|0|0|0.903225806452|0|0|0|0|0|0.851393188854|0|0|0|0.888324873096|0|0.904761904762|0|0|0.917404129794|0|0|0|0|0.864811133201|0|0.90031152648|0|0|0|0|0|0.875|0|0.886075949367|0.933933933934|0|0|0|0|0|0|0.916049382716|0|0|0|0|0|0
manncer|0|0|0|0|1.0|0|0|0|0|0|0|0|0.777777777778|0|0|0|0|1.0|0|0|0|0|0|0|0|0|0|0|0|0|0|0|0|0|0|0|0|0|0|0|0|0|0|0|0|0|0|0
Alan Brown|1.0|0|0|0|0|0|0|0|0|0|0|0|0|1.0|1.0|0|0|0|0|0|0|0|0|0|0|0|0|0|0|0|0|0|0|0|0|0|0|0|0|0|0|0|0|0|0|0|0|0
S.D.E.|0|0|0|1.0|0|0|0|0|1.0|0|0|0|0|1.0|0|0|0|0|0|0|0|0|0|0|0|0|0|0|0|0|0|0|0|0|0|0|0|0|0|0|0|0|0|0|0|0|0|0
Sandra|0|0|0|0|0|1.0|1.0|0|0|0|0|0|0|0|0|1.0|0|0|0|0|0|0|0|0|0|0|0|0|0|0|0|0|0|0|0|0|0|0|0|0|0|0|0|0|0|0|0|0
mike|0|0|0|0|0|0|0|0|0|0|0|0|0|0|0|0|0|1.0|0|0|0|0.5|0|0|0.85|0|0|0|0|0|0|0|0|0|0|0|0|0|0|0|0|0|0|0|0|0|0|0
BeMa|0|0.882352941176|0|0|0|0|0|0|0|0|0|0|0|0|0|0|0|0|0|0|0|0|0|0|0.957446808511|0|0|0|0|0|0|0|0|0|0|0|0|0|0|0|0|0|0|1.0|0|0|0|0
Jason|1.0|0|0|0.972602739726|0.94495412844|0|0|0|1.0|0.986486486486|1.0|1.0|1.0|1.0|1.0|0|1.0|0|0|0|0|0|0|0|0|0|0|0|0|0|0|0|0|0|0|0|0|1.0|0|0|0|0|0|0|1.0|0|0|0
Patricia Viera|0|0|0|0|0|0|0|0|0|0|1.0|0|0|1.0|0|0|0|0|0|0|0|0|0|0|0|0|0|0|1.0|0|0|0|0|0|0|0|0|0|0|0|0|0|0|0|0|0|0|0
ARS|0|0|0|0|0|1.0|1.0|1.0|0|0|0|0|0|0|0|0|0|0|0|0|0|0|0|0|0|0|0|0|0|0|0|0|0|0|0|0|0|0|0|0|0|0|0|0|0|0|0|0
T|1.0|0|0|0|1.0|1.0|1.0|1.0|0|1.0|0|0|0|0|1.0|0|0|0|1.0|0|0|0|0|0|0|0|0|0|0|0|0|0|0|0|0.987577639752|0|0|1.0|0|0|0|0|0|0|0|0|0|0
Carrie|0|0|0|0|0|0|0|0|0|0|0|0|0|0|0|0|0|0|1.0|0|0|0|1.0|0|0|1.0|0|0|0|0|0|0|0|0|0|0|0|0|0|0|0|0|0|0|0|0|0|0
Maria|0|1.0|0|0|1.0|0|0|0|0|0|0|0|0|0.733333333333|0|0|0|0|0|1.0|0|0|0|0|0|0|0|0|0|0|0|0|0|0|0|0|0|0|0|0|0|0|0|0|0|0|0|0
Sue|0|0|0|0|0|0|0|0|0|0|0|0|0|0|1.0|0|0|0|1.0|0|0|0|0|0|0|0|1.0|0|0|0|0|0|0|0|0|0|0|0|0|0|0|1.0|0|0|0|0|0|0
Jonathan|1.0|0|0|1.0|0|0|0|0|0|1.0|0|0|1.0|0|0|0|0|0|0|0|0|0|0|0|0|0|0|0|0|0|0|0|0|0|0|0|0|0|0|0|0|0|0|0|0|0|0|0
Leila|0|0|0|0|0|0|0|0|0|0|0|0|0|0|0|1.0|0|0|0|1.0|0|0|0|0|0|0|0|0|0|0|0|0|0|0|0|0|0|1.0|1.0|0|0|0|0|0|0|0|0|0
IndiJones68|0|0|0|0|0|0|0|0|1.0|0|1.0|0|0|0|0|0|0|0|0|0|0|0|0|0|0|0|1.0|0|0|0|0|0|0|0|0|0|0|0|0|0|0|0|0|0|0|0|0|0
Bill F|0|0|0|0|1.0|0|0|0|0|1.0|0|0|0|0|0|0|0|0|0|0|0|0|0|0|0|0|0|0|0|1.0|0|0|0|0|0|0|0|0|0|0|1.0|0|0|0|0|0|0|0
F.Faulkner|0|0|0|1.0|1.0|0|0|0|0|0|0|0|0|0|0|0|0|0|0|0|0|0|0|0|0|0|0|0|0|0|0|0|0.967741935484|0|0|0|0|0|0|0|0|0|0|0|0|0|0|0
Amy|0|1.0|0|0.857142857143|0|0|1.0|0|0.953846153846|0|0|0|0|0|0|0|0|0|1.0|0|0|0|0|0|0|0|0|0|0|0|0|0|0|1.0|0|0|0|0|0|0|0|1.0|0|0|0|0|0|0
Mike Donnelly|1.0|1.0|0|0|0|0|0|0|0|0|0|0|0|1.0|0|0|0|0|0|0|0|0|0|0|0|0|0|0|0|0|0|0|0|0|0|0|0|0|0|0|0|0|0|0|0|0|0|0
Fabulinus|0|0|1.0|0|0|0|0|0|0|0|0|0|0|0|1.0|0|0|0|0|0|0|0|0|0|0|0|0|0|0|0|1.0|0|0|0|0|0|0|0|0|0|0|0|0|0|0|0|0|0
shane|1.0|0|0.960784313725|0|0|0|1.0|0|0|0|0|0|0|0|0|0|1.0|0|0|0|0|0|0|0|0|0|0|0|0|0|0|0|0|0|0|0|0|0|0|0|0|0|0|0|0|0|0|0
Witcher|1.0|0|0|0|0|0|0|1.0|0|0|0|0|0.714285714286|0|0|0|0|0|0|0|0|0|0|0|0|0|0|0|0|0|0|0|0|0|0|0|0|0|0|0|0|0|0|0|0|0|0|0
Willie A. Green|0|0|0|0|0|0|1.0|1.0|0|0|1.0|0|0|1.0|0|0|0|0|0|0|0|0|0|0|0|0|1.0|0|0|0|0|0|0|0|0|0|0|0|0|0|0|0|0|0|0|0|0|0
Marie|1.0|0|0|0|1.0|0|0|0|0|0|0|0|1.0|0|0|0|0|0|0|0|0|0|0|0|0|1.0|0|0|0|0|0|0|1.0|0|0|0|0|0|0|0|0|0|0|0|0|0|0|0
